County of County_Animals,Year of County_Animals,HOGS - INVENTORY,TURKEYS - INVENTORY
AITKIN,2010,,
AITKIN,2011,,
AITKIN,2012,48,39
AITKIN,2013,,
AITKIN,2014,,
AITKIN,2015,,
AITKIN,2016,,
AITKIN,2017,217,100
AITKIN,2018,,
AITKIN,2019,,
AITKIN,2020,,
AITKIN,2021,,
AITKIN,2022,171,92
AITKIN,2023,,
ANOKA,2010,,
ANOKA,2011,,
ANOKA,2012,170,
ANOKA,2013,,
ANOKA,2014,,
ANOKA,2015,,
ANOKA,2016,,
ANOKA,2017,146,29
ANOKA,2018,,
ANOKA,2019,,
ANOKA,2020,,
ANOKA,2021,,
ANOKA,2022,231,118
ANOKA,2023,,
BECKER,2010,,
BECKER,2011,,
BECKER,2012,18705,483590
BECKER,2013,,
BECKER,2014,,
BECKER,2015,,
BECKER,2016,,
BECKER,2017,,578604
BECKER,2018,,
BECKER,2019,,
BECKER,2020,,
BECKER,2021,,
BECKER,2022,24991,357337
BECKER,2023,,
BELTRAMI,2010,,
BELTRAMI,2011,,
BELTRAMI,2012,186,72
BELTRAMI,2013,,
BELTRAMI,2014,,
BELTRAMI,2015,,
BELTRAMI,2016,,
BELTRAMI,2017,190,132
BELTRAMI,2018,,
BELTRAMI,2019,,
BELTRAMI,2020,,
BELTRAMI,2021,,
BELTRAMI,2022,209,6
BELTRAMI,2023,,
BENTON,2010,,
BENTON,2011,,
BENTON,2012,23865,22
BENTON,2013,,
BENTON,2014,,
BENTON,2015,,
BENTON,2016,,
BENTON,2017,25398,
BENTON,2018,,
BENTON,2019,,
BENTON,2020,,
BENTON,2021,,
BENTON,2022,34685,
BENTON,2023,,
BIG STONE,2010,,
BIG STONE,2011,,
BIG STONE,2012,41005,
BIG STONE,2013,,
BIG STONE,2014,,
BIG STONE,2015,,
BIG STONE,2016,,
BIG STONE,2017,47084,
BIG STONE,2018,,
BIG STONE,2019,,
BIG STONE,2020,,
BIG STONE,2021,,
BIG STONE,2022,45114,
BIG STONE,2023,,
BLUE EARTH,2010,,
BLUE EARTH,2011,,
BLUE EARTH,2012,554230,121084
BLUE EARTH,2013,,
BLUE EARTH,2014,,
BLUE EARTH,2015,,
BLUE EARTH,2016,,
BLUE EARTH,2017,599573,131772
BLUE EARTH,2018,,
BLUE EARTH,2019,,
BLUE EARTH,2020,,
BLUE EARTH,2021,,
BLUE EARTH,2022,669744,
BLUE EARTH,2023,,
BROWN,2010,,
BROWN,2011,,
BROWN,2012,218163,378325
BROWN,2013,,
BROWN,2014,,
BROWN,2015,,
BROWN,2016,,
BROWN,2017,282668,225034
BROWN,2018,,
BROWN,2019,,
BROWN,2020,,
BROWN,2021,,
BROWN,2022,244365,103255
BROWN,2023,,
CARLTON,2010,,
CARLTON,2011,,
CARLTON,2012,118,11
CARLTON,2013,,
CARLTON,2014,,
CARLTON,2015,,
CARLTON,2016,,
CARLTON,2017,491,44
CARLTON,2018,,
CARLTON,2019,,
CARLTON,2020,,
CARLTON,2021,,
CARLTON,2022,60,
CARLTON,2023,,
CARVER,2010,,
CARVER,2011,,
CARVER,2012,29567,121
CARVER,2013,,
CARVER,2014,,
CARVER,2015,,
CARVER,2016,,
CARVER,2017,9908,94
CARVER,2018,,
CARVER,2019,,
CARVER,2020,,
CARVER,2021,,
CARVER,2022,25743,43
CARVER,2023,,
CASS,2010,,
CASS,2011,,
CASS,2012,98,
CASS,2013,,
CASS,2014,,
CASS,2015,,
CASS,2016,,
CASS,2017,137,
CASS,2018,,
CASS,2019,,
CASS,2020,,
CASS,2021,,
CASS,2022,222,
CASS,2023,,
CHIPPEWA,2010,,
CHIPPEWA,2011,,
CHIPPEWA,2012,50200,
CHIPPEWA,2013,,
CHIPPEWA,2014,,
CHIPPEWA,2015,,
CHIPPEWA,2016,,
CHIPPEWA,2017,54121,
CHIPPEWA,2018,,
CHIPPEWA,2019,,
CHIPPEWA,2020,,
CHIPPEWA,2021,,
CHIPPEWA,2022,61623,109546
CHIPPEWA,2023,,
CHISAGO,2010,,
CHISAGO,2011,,
CHISAGO,2012,563,
CHISAGO,2013,,
CHISAGO,2014,,
CHISAGO,2015,,
CHISAGO,2016,,
CHISAGO,2017,1056,138
CHISAGO,2018,,
CHISAGO,2019,,
CHISAGO,2020,,
CHISAGO,2021,,
CHISAGO,2022,484,93
CHISAGO,2023,,
CLAY,2010,,
CLAY,2011,,
CLAY,2012,32825,
CLAY,2013,,
CLAY,2014,,
CLAY,2015,,
CLAY,2016,,
CLAY,2017,22530,
CLAY,2018,,
CLAY,2019,,
CLAY,2020,,
CLAY,2021,,
CLAY,2022,13515,
CLAY,2023,,
CLEARWATER,2010,,
CLEARWATER,2011,,
CLEARWATER,2012,,17
CLEARWATER,2013,,
CLEARWATER,2014,,
CLEARWATER,2015,,
CLEARWATER,2016,,
CLEARWATER,2017,,74
CLEARWATER,2018,,
CLEARWATER,2019,,
CLEARWATER,2020,,
CLEARWATER,2021,,
CLEARWATER,2022,538,
CLEARWATER,2023,,
COOK,2011,,
COOK,2012,,
COOK,2013,,
COOK,2014,,
COOK,2015,,
COOK,2016,,
COOK,2017,,
COOK,2018,,
COOK,2019,,
COOK,2020,,
COOK,2021,,
COOK,2022,,
COOK,2023,,
COTTONWOOD,2010,,
COTTONWOOD,2011,,
COTTONWOOD,2012,235636,224209
COTTONWOOD,2013,,
COTTONWOOD,2014,,
COTTONWOOD,2015,,
COTTONWOOD,2016,,
COTTONWOOD,2017,356536,86045
COTTONWOOD,2018,,
COTTONWOOD,2019,,
COTTONWOOD,2020,,
COTTONWOOD,2021,,
COTTONWOOD,2022,341754,126710
COTTONWOOD,2023,,
CROW WING,2010,,
CROW WING,2011,,
CROW WING,2012,307,81
CROW WING,2013,,
CROW WING,2014,,
CROW WING,2015,,
CROW WING,2016,,
CROW WING,2017,267,37
CROW WING,2018,,
CROW WING,2019,,
CROW WING,2020,,
CROW WING,2021,,
CROW WING,2022,25,86
CROW WING,2023,,
DAKOTA,2010,,
DAKOTA,2011,,
DAKOTA,2012,32683,
DAKOTA,2013,,
DAKOTA,2014,,
DAKOTA,2015,,
DAKOTA,2016,,
DAKOTA,2017,14493,
DAKOTA,2018,,
DAKOTA,2019,,
DAKOTA,2020,,
DAKOTA,2021,,
DAKOTA,2022,4808,
DAKOTA,2023,,
DODGE,2010,,
DODGE,2011,,
DODGE,2012,163874,262050
DODGE,2013,,
DODGE,2014,,
DODGE,2015,,
DODGE,2016,,
DODGE,2017,169168,330719
DODGE,2018,,
DODGE,2019,,
DODGE,2020,,
DODGE,2021,,
DODGE,2022,243721,
DODGE,2023,,
DOUGLAS,2010,,
DOUGLAS,2011,,
DOUGLAS,2012,1198,9
DOUGLAS,2013,,
DOUGLAS,2014,,
DOUGLAS,2015,,
DOUGLAS,2016,,
DOUGLAS,2017,1089,
DOUGLAS,2018,,
DOUGLAS,2019,,
DOUGLAS,2020,,
DOUGLAS,2021,,
DOUGLAS,2022,1179,
DOUGLAS,2023,,
FARIBAULT,2010,,
FARIBAULT,2011,,
FARIBAULT,2012,249759,
FARIBAULT,2013,,
FARIBAULT,2014,,
FARIBAULT,2015,,
FARIBAULT,2016,,
FARIBAULT,2017,211593,
FARIBAULT,2018,,
FARIBAULT,2019,,
FARIBAULT,2020,,
FARIBAULT,2021,,
FARIBAULT,2022,278094,
FARIBAULT,2023,,
FILLMORE,2010,,
FILLMORE,2011,,
FILLMORE,2012,136778,
FILLMORE,2013,,
FILLMORE,2014,,
FILLMORE,2015,,
FILLMORE,2016,,
FILLMORE,2017,143545,
FILLMORE,2018,,
FILLMORE,2019,,
FILLMORE,2020,,
FILLMORE,2021,,
FILLMORE,2022,135192,
FILLMORE,2023,,
FREEBORN,2010,,
FREEBORN,2011,,
FREEBORN,2012,324837,49303
FREEBORN,2013,,
FREEBORN,2014,,
FREEBORN,2015,,
FREEBORN,2016,,
FREEBORN,2017,291430,113000
FREEBORN,2018,,
FREEBORN,2019,,
FREEBORN,2020,,
FREEBORN,2021,,
FREEBORN,2022,224400,59210
FREEBORN,2023,,
GOODHUE,2010,,
GOODHUE,2011,,
GOODHUE,2012,143804,302767
GOODHUE,2013,,
GOODHUE,2014,,
GOODHUE,2015,,
GOODHUE,2016,,
GOODHUE,2017,103073,543043
GOODHUE,2018,,
GOODHUE,2019,,
GOODHUE,2020,,
GOODHUE,2021,,
GOODHUE,2022,99919,
GOODHUE,2023,,
GRANT,2010,,
GRANT,2011,,
GRANT,2012,,
GRANT,2013,,
GRANT,2014,,
GRANT,2015,,
GRANT,2016,,
GRANT,2017,23320,
GRANT,2018,,
GRANT,2019,,
GRANT,2020,,
GRANT,2021,,
GRANT,2022,,
GRANT,2023,,
HENNEPIN,2010,,
HENNEPIN,2011,,
HENNEPIN,2012,86,
HENNEPIN,2013,,
HENNEPIN,2014,,
HENNEPIN,2015,,
HENNEPIN,2016,,
HENNEPIN,2017,55,110
HENNEPIN,2018,,
HENNEPIN,2019,,
HENNEPIN,2020,,
HENNEPIN,2021,,
HENNEPIN,2022,48,205
HENNEPIN,2023,,
HOUSTON,2010,,
HOUSTON,2011,,
HOUSTON,2012,22428,
HOUSTON,2013,,
HOUSTON,2014,,
HOUSTON,2015,,
HOUSTON,2016,,
HOUSTON,2017,12703,
HOUSTON,2018,,
HOUSTON,2019,,
HOUSTON,2020,,
HOUSTON,2021,,
HOUSTON,2022,18419,
HOUSTON,2023,,
HUBBARD,2010,,
HUBBARD,2011,,
HUBBARD,2012,181,12
HUBBARD,2013,,
HUBBARD,2014,,
HUBBARD,2015,,
HUBBARD,2016,,
HUBBARD,2017,1052,65
HUBBARD,2018,,
HUBBARD,2019,,
HUBBARD,2020,,
HUBBARD,2021,,
HUBBARD,2022,16,
HUBBARD,2023,,
ISANTI,2010,,
ISANTI,2011,,
ISANTI,2012,2771,
ISANTI,2013,,
ISANTI,2014,,
ISANTI,2015,,
ISANTI,2016,,
ISANTI,2017,,
ISANTI,2018,,
ISANTI,2019,,
ISANTI,2020,,
ISANTI,2021,,
ISANTI,2022,20543,
ISANTI,2023,,
ITASCA,2010,,
ITASCA,2011,,
ITASCA,2012,187,
ITASCA,2013,,
ITASCA,2014,,
ITASCA,2015,,
ITASCA,2016,,
ITASCA,2017,161,
ITASCA,2018,,
ITASCA,2019,,
ITASCA,2020,,
ITASCA,2021,,
ITASCA,2022,123,15
ITASCA,2023,,
JACKSON,2010,,
JACKSON,2011,,
JACKSON,2012,245947,28
JACKSON,2013,,
JACKSON,2014,,
JACKSON,2015,,
JACKSON,2016,,
JACKSON,2017,278724,
JACKSON,2018,,
JACKSON,2019,,
JACKSON,2020,,
JACKSON,2021,,
JACKSON,2022,229617,
JACKSON,2023,,
KANABEC,2010,,
KANABEC,2011,,
KANABEC,2012,160,470
KANABEC,2013,,
KANABEC,2014,,
KANABEC,2015,,
KANABEC,2016,,
KANABEC,2017,902,47
KANABEC,2018,,
KANABEC,2019,,
KANABEC,2020,,
KANABEC,2021,,
KANABEC,2022,,22
KANABEC,2023,,
KANDIYOHI,2010,,
KANDIYOHI,2011,,
KANDIYOHI,2012,86583,2557432
KANDIYOHI,2013,,
KANDIYOHI,2014,,
KANDIYOHI,2015,,
KANDIYOHI,2016,,
KANDIYOHI,2017,85372,2294399
KANDIYOHI,2018,,
KANDIYOHI,2019,,
KANDIYOHI,2020,,
KANDIYOHI,2021,,
KANDIYOHI,2022,137155,2441677
KANDIYOHI,2023,,
KITTSON,2010,,
KITTSON,2011,,
KITTSON,2012,,
KITTSON,2013,,
KITTSON,2014,,
KITTSON,2015,,
KITTSON,2016,,
KITTSON,2017,,
KITTSON,2018,,
KITTSON,2019,,
KITTSON,2020,,
KITTSON,2021,,
KITTSON,2022,,
KITTSON,2023,,
KOOCHICHING,2010,,
KOOCHICHING,2011,,
KOOCHICHING,2012,52,
KOOCHICHING,2013,,
KOOCHICHING,2014,,
KOOCHICHING,2015,,
KOOCHICHING,2016,,
KOOCHICHING,2017,6,
KOOCHICHING,2018,,
KOOCHICHING,2019,,
KOOCHICHING,2020,,
KOOCHICHING,2021,,
KOOCHICHING,2022,15,
KOOCHICHING,2023,,
LAC QUI PARLE,2010,,
LAC QUI PARLE,2011,,
LAC QUI PARLE,2012,97508,
LAC QUI PARLE,2013,,
LAC QUI PARLE,2014,,
LAC QUI PARLE,2015,,
LAC QUI PARLE,2016,,
LAC QUI PARLE,2017,148837,
LAC QUI PARLE,2018,,
LAC QUI PARLE,2019,,
LAC QUI PARLE,2020,,
LAC QUI PARLE,2021,,
LAC QUI PARLE,2022,159369,
LAC QUI PARLE,2023,,
LAKE,2010,,
LAKE,2011,,
LAKE,2012,,
LAKE,2013,,
LAKE,2014,,
LAKE,2015,,
LAKE,2016,,
LAKE,2017,21,11
LAKE,2018,,
LAKE,2019,,
LAKE,2020,,
LAKE,2021,,
LAKE,2022,,40
LAKE,2023,,
LAKE OF THE WOODS,2010,,
LAKE OF THE WOODS,2011,,
LAKE OF THE WOODS,2012,32,18
LAKE OF THE WOODS,2013,,
LAKE OF THE WOODS,2014,,
LAKE OF THE WOODS,2015,,
LAKE OF THE WOODS,2016,,
LAKE OF THE WOODS,2017,,9
LAKE OF THE WOODS,2018,,
LAKE OF THE WOODS,2019,,
LAKE OF THE WOODS,2020,,
LAKE OF THE WOODS,2021,,
LAKE OF THE WOODS,2022,6,26
LAKE OF THE WOODS,2023,,
LE SUEUR,2010,,
LE SUEUR,2011,,
LE SUEUR,2012,135687,71046
LE SUEUR,2013,,
LE SUEUR,2014,,
LE SUEUR,2015,,
LE SUEUR,2016,,
LE SUEUR,2017,98131,101014
LE SUEUR,2018,,
LE SUEUR,2019,,
LE SUEUR,2020,,
LE SUEUR,2021,,
LE SUEUR,2022,109236,68794
LE SUEUR,2023,,
LINCOLN,2010,,
LINCOLN,2011,,
LINCOLN,2012,93371,
LINCOLN,2013,,
LINCOLN,2014,,
LINCOLN,2015,,
LINCOLN,2016,,
LINCOLN,2017,118694,
LINCOLN,2018,,
LINCOLN,2019,,
LINCOLN,2020,,
LINCOLN,2021,,
LINCOLN,2022,131627,
LINCOLN,2023,,
LYON,2010,,
LYON,2011,,
LYON,2012,158742,643333
LYON,2013,,
LYON,2014,,
LYON,2015,,
LYON,2016,,
LYON,2017,251248,522333
LYON,2018,,
LYON,2019,,
LYON,2020,,
LYON,2021,,
LYON,2022,444988,506333
LYON,2023,,
MAHNOMEN,2010,,
MAHNOMEN,2011,,
MAHNOMEN,2012,243,
MAHNOMEN,2013,,
MAHNOMEN,2014,,
MAHNOMEN,2015,,
MAHNOMEN,2016,,
MAHNOMEN,2017,16,
MAHNOMEN,2018,,
MAHNOMEN,2019,,
MAHNOMEN,2020,,
MAHNOMEN,2021,,
MAHNOMEN,2022,57,
MAHNOMEN,2023,,
MARSHALL,2010,,
MARSHALL,2011,,
MARSHALL,2012,62,
MARSHALL,2013,,
MARSHALL,2014,,
MARSHALL,2015,,
MARSHALL,2016,,
MARSHALL,2017,,
MARSHALL,2018,,
MARSHALL,2019,,
MARSHALL,2020,,
MARSHALL,2021,,
MARSHALL,2022,9,
MARSHALL,2023,,
MARTIN,2010,,
MARTIN,2011,,
MARTIN,2012,812229,69404
MARTIN,2013,,
MARTIN,2014,,
MARTIN,2015,,
MARTIN,2016,,
MARTIN,2017,827589,102010
MARTIN,2018,,
MARTIN,2019,,
MARTIN,2020,,
MARTIN,2021,,
MARTIN,2022,845233,36
MARTIN,2023,,
MCLEOD,2010,,
MCLEOD,2011,,
MCLEOD,2012,9308,31
MCLEOD,2013,,
MCLEOD,2014,,
MCLEOD,2015,,
MCLEOD,2016,,
MCLEOD,2017,6901,129
MCLEOD,2018,,
MCLEOD,2019,,
MCLEOD,2020,,
MCLEOD,2021,,
MCLEOD,2022,7779,
MCLEOD,2023,,
MEEKER,2010,,
MEEKER,2011,,
MEEKER,2012,14522,
MEEKER,2013,,
MEEKER,2014,,
MEEKER,2015,,
MEEKER,2016,,
MEEKER,2017,5135,1041083
MEEKER,2018,,
MEEKER,2019,,
MEEKER,2020,,
MEEKER,2021,,
MEEKER,2022,1752,
MEEKER,2023,,
MILLE LACS,2010,,
MILLE LACS,2011,,
MILLE LACS,2012,462,34
MILLE LACS,2013,,
MILLE LACS,2014,,
MILLE LACS,2015,,
MILLE LACS,2016,,
MILLE LACS,2017,589,129
MILLE LACS,2018,,
MILLE LACS,2019,,
MILLE LACS,2020,,
MILLE LACS,2021,,
MILLE LACS,2022,127,
MILLE LACS,2023,,
MORRISON,2010,,
MORRISON,2011,,
MORRISON,2012,77871,1117300
MORRISON,2013,,
MORRISON,2014,,
MORRISON,2015,,
MORRISON,2016,,
MORRISON,2017,59080,1477183
MORRISON,2018,,
MORRISON,2019,,
MORRISON,2020,,
MORRISON,2021,,
MORRISON,2022,59596,961670
MORRISON,2023,,
MOWER,2010,,
MOWER,2011,,
MOWER,2012,330950,
MOWER,2013,,
MOWER,2014,,
MOWER,2015,,
MOWER,2016,,
MOWER,2017,307898,363016
MOWER,2018,,
MOWER,2019,,
MOWER,2020,,
MOWER,2021,,
MOWER,2022,237896,
MOWER,2023,,
MURRAY,2010,,
MURRAY,2011,,
MURRAY,2012,140599,
MURRAY,2013,,
MURRAY,2014,,
MURRAY,2015,,
MURRAY,2016,,
MURRAY,2017,205046,
MURRAY,2018,,
MURRAY,2019,,
MURRAY,2020,,
MURRAY,2021,,
MURRAY,2022,198432,
MURRAY,2023,,
NICOLLET,2010,,
NICOLLET,2011,,
NICOLLET,2012,268330,
NICOLLET,2013,,
NICOLLET,2014,,
NICOLLET,2015,,
NICOLLET,2016,,
NICOLLET,2017,267990,
NICOLLET,2018,,
NICOLLET,2019,,
NICOLLET,2020,,
NICOLLET,2021,,
NICOLLET,2022,405026,5
NICOLLET,2023,,
NOBLES,2010,,
NOBLES,2011,,
NOBLES,2012,323679,
NOBLES,2013,,
NOBLES,2014,,
NOBLES,2015,,
NOBLES,2016,,
NOBLES,2017,393029,186011
NOBLES,2018,,
NOBLES,2019,,
NOBLES,2020,,
NOBLES,2021,,
NOBLES,2022,504733,
NOBLES,2023,,
NORMAN,2010,,
NORMAN,2011,,
NORMAN,2012,7070,
NORMAN,2013,,
NORMAN,2014,,
NORMAN,2015,,
NORMAN,2016,,
NORMAN,2017,,
NORMAN,2018,,
NORMAN,2019,,
NORMAN,2020,,
NORMAN,2021,,
NORMAN,2022,,
NORMAN,2023,,
OLMSTED,2010,,
OLMSTED,2011,,
OLMSTED,2012,45300,
OLMSTED,2013,,
OLMSTED,2014,,
OLMSTED,2015,,
OLMSTED,2016,,
OLMSTED,2017,23691,
OLMSTED,2018,,
OLMSTED,2019,,
OLMSTED,2020,,
OLMSTED,2021,,
OLMSTED,2022,37041,
OLMSTED,2023,,
OTTER TAIL,2010,,
OTTER TAIL,2011,,
OTTER TAIL,2012,35547,1505819
OTTER TAIL,2013,,
OTTER TAIL,2014,,
OTTER TAIL,2015,,
OTTER TAIL,2016,,
OTTER TAIL,2017,11746,831000
OTTER TAIL,2018,,
OTTER TAIL,2019,,
OTTER TAIL,2020,,
OTTER TAIL,2021,,
OTTER TAIL,2022,599,880267
OTTER TAIL,2023,,
PENNINGTON,2010,,
PENNINGTON,2011,,
PENNINGTON,2012,,
PENNINGTON,2013,,
PENNINGTON,2014,,
PENNINGTON,2015,,
PENNINGTON,2016,,
PENNINGTON,2017,,
PENNINGTON,2018,,
PENNINGTON,2019,,
PENNINGTON,2020,,
PENNINGTON,2021,,
PENNINGTON,2022,,14
PENNINGTON,2023,,
PINE,2010,,
PINE,2011,,
PINE,2012,265,65
PINE,2013,,
PINE,2014,,
PINE,2015,,
PINE,2016,,
PINE,2017,207,206
PINE,2018,,
PINE,2019,,
PINE,2020,,
PINE,2021,,
PINE,2022,202,109
PINE,2023,,
PIPESTONE,2010,,
PIPESTONE,2011,,
PIPESTONE,2012,267097,
PIPESTONE,2013,,
PIPESTONE,2014,,
PIPESTONE,2015,,
PIPESTONE,2016,,
PIPESTONE,2017,361314,
PIPESTONE,2018,,
PIPESTONE,2019,,
PIPESTONE,2020,,
PIPESTONE,2021,,
PIPESTONE,2022,303763,
PIPESTONE,2023,,
POLK,2010,,
POLK,2011,,
POLK,2012,17637,
POLK,2013,,
POLK,2014,,
POLK,2015,,
POLK,2016,,
POLK,2017,18081,
POLK,2018,,
POLK,2019,,
POLK,2020,,
POLK,2021,,
POLK,2022,1862,74
POLK,2023,,
POPE,2010,,
POPE,2011,,
POPE,2012,76913,
POPE,2013,,
POPE,2014,,
POPE,2015,,
POPE,2016,,
POPE,2017,104433,
POPE,2018,,
POPE,2019,,
POPE,2020,,
POPE,2021,,
POPE,2022,68364,
POPE,2023,,
RAMSEY,2010,,
RAMSEY,2011,,
RAMSEY,2012,,
RAMSEY,2013,,
RAMSEY,2014,,
RAMSEY,2015,,
RAMSEY,2016,,
RAMSEY,2017,,
RAMSEY,2018,,
RAMSEY,2019,,
RAMSEY,2020,,
RAMSEY,2021,,
RAMSEY,2022,,
RAMSEY,2023,,
RED LAKE,2010,,
RED LAKE,2011,,
RED LAKE,2012,,
RED LAKE,2013,,
RED LAKE,2014,,
RED LAKE,2015,,
RED LAKE,2016,,
RED LAKE,2017,,
RED LAKE,2018,,
RED LAKE,2019,,
RED LAKE,2020,,
RED LAKE,2021,,
RED LAKE,2022,,
RED LAKE,2023,,
REDWOOD,2010,,
REDWOOD,2011,,
REDWOOD,2012,179776,336506
REDWOOD,2013,,
REDWOOD,2014,,
REDWOOD,2015,,
REDWOOD,2016,,
REDWOOD,2017,197170,552612
REDWOOD,2018,,
REDWOOD,2019,,
REDWOOD,2020,,
REDWOOD,2021,,
REDWOOD,2022,352676,350724
REDWOOD,2023,,
RENVILLE,2010,,
RENVILLE,2011,,
RENVILLE,2012,280943,79162
RENVILLE,2013,,
RENVILLE,2014,,
RENVILLE,2015,,
RENVILLE,2016,,
RENVILLE,2017,313786,272511
RENVILLE,2018,,
RENVILLE,2019,,
RENVILLE,2020,,
RENVILLE,2021,,
RENVILLE,2022,253395,198652
RENVILLE,2023,,
RICE,2010,,
RICE,2011,,
RICE,2012,62285,506109
RICE,2013,,
RICE,2014,,
RICE,2015,,
RICE,2016,,
RICE,2017,167191,387497
RICE,2018,,
RICE,2019,,
RICE,2020,,
RICE,2021,,
RICE,2022,149572,483223
RICE,2023,,
ROCK,2010,,
ROCK,2011,,
ROCK,2012,291435,102
ROCK,2013,,
ROCK,2014,,
ROCK,2015,,
ROCK,2016,,
ROCK,2017,299729,
ROCK,2018,,
ROCK,2019,,
ROCK,2020,,
ROCK,2021,,
ROCK,2022,400859,
ROCK,2023,,
ROSEAU,2010,,
ROSEAU,2011,,
ROSEAU,2012,8529,238668
ROSEAU,2013,,
ROSEAU,2014,,
ROSEAU,2015,,
ROSEAU,2016,,
ROSEAU,2017,33,253000
ROSEAU,2018,,
ROSEAU,2019,,
ROSEAU,2020,,
ROSEAU,2021,,
ROSEAU,2022,13262,
ROSEAU,2023,,
SCOTT,2010,,
SCOTT,2011,,
SCOTT,2012,15487,226
SCOTT,2013,,
SCOTT,2014,,
SCOTT,2015,,
SCOTT,2016,,
SCOTT,2017,,96
SCOTT,2018,,
SCOTT,2019,,
SCOTT,2020,,
SCOTT,2021,,
SCOTT,2022,,104
SCOTT,2023,,
SHERBURNE,2010,,
SHERBURNE,2011,,
SHERBURNE,2012,8635,74
SHERBURNE,2013,,
SHERBURNE,2014,,
SHERBURNE,2015,,
SHERBURNE,2016,,
SHERBURNE,2017,,36
SHERBURNE,2018,,
SHERBURNE,2019,,
SHERBURNE,2020,,
SHERBURNE,2021,,
SHERBURNE,2022,,67
SHERBURNE,2023,,
SIBLEY,2010,,
SIBLEY,2011,,
SIBLEY,2012,105238,69
SIBLEY,2013,,
SIBLEY,2014,,
SIBLEY,2015,,
SIBLEY,2016,,
SIBLEY,2017,106688,
SIBLEY,2018,,
SIBLEY,2019,,
SIBLEY,2020,,
SIBLEY,2021,,
SIBLEY,2022,79804,76
SIBLEY,2023,,
ST. LOUIS,2010,,
ST. LOUIS,2011,,
ST. LOUIS,2012,376,342
ST. LOUIS,2013,,
ST. LOUIS,2014,,
ST. LOUIS,2015,,
ST. LOUIS,2016,,
ST. LOUIS,2017,292,325
ST. LOUIS,2018,,
ST. LOUIS,2019,,
ST. LOUIS,2020,,
ST. LOUIS,2021,,
ST. LOUIS,2022,266,65
ST. LOUIS,2023,,
STEARNS,2010,,
STEARNS,2011,,
STEARNS,2012,109402,2437174
STEARNS,2013,,
STEARNS,2014,,
STEARNS,2015,,
STEARNS,2016,,
STEARNS,2017,84707,2734124
STEARNS,2018,,
STEARNS,2019,,
STEARNS,2020,,
STEARNS,2021,,
STEARNS,2022,65897,1796151
STEARNS,2023,,
STEELE,2010,,
STEELE,2011,,
STEELE,2012,167773,416487
STEELE,2013,,
STEELE,2014,,
STEELE,2015,,
STEELE,2016,,
STEELE,2017,141317,332296
STEELE,2018,,
STEELE,2019,,
STEELE,2020,,
STEELE,2021,,
STEELE,2022,116411,190562
STEELE,2023,,
STEVENS,2010,,
STEVENS,2011,,
STEVENS,2012,186865,
STEVENS,2013,,
STEVENS,2014,,
STEVENS,2015,,
STEVENS,2016,,
STEVENS,2017,169272,
STEVENS,2018,,
STEVENS,2019,,
STEVENS,2020,,
STEVENS,2021,,
STEVENS,2022,210165,
STEVENS,2023,,
SWIFT,2010,,
SWIFT,2011,,
SWIFT,2012,13116,1942920
SWIFT,2013,,
SWIFT,2014,,
SWIFT,2015,,
SWIFT,2016,,
SWIFT,2017,15538,1400496
SWIFT,2018,,
SWIFT,2019,,
SWIFT,2020,,
SWIFT,2021,,
SWIFT,2022,26698,1219997
SWIFT,2023,,
TODD,2010,,
TODD,2011,,
TODD,2012,13771,1991295
TODD,2013,,
TODD,2014,,
TODD,2015,,
TODD,2016,,
TODD,2017,10740,899194
TODD,2018,,
TODD,2019,,
TODD,2020,,
TODD,2021,,
TODD,2022,7175,1231838
TODD,2023,,
TRAVERSE,2010,,
TRAVERSE,2011,,
TRAVERSE,2012,16966,
TRAVERSE,2013,,
TRAVERSE,2014,,
TRAVERSE,2015,,
TRAVERSE,2016,,
TRAVERSE,2017,35141,
TRAVERSE,2018,,
TRAVERSE,2019,,
TRAVERSE,2020,,
TRAVERSE,2021,,
TRAVERSE,2022,12478,
TRAVERSE,2023,,
WABASHA,2010,,
WABASHA,2011,,
WABASHA,2012,8851,22
WABASHA,2013,,
WABASHA,2014,,
WABASHA,2015,,
WABASHA,2016,,
WABASHA,2017,11603,
WABASHA,2018,,
WABASHA,2019,,
WABASHA,2020,,
WABASHA,2021,,
WABASHA,2022,41069,25
WABASHA,2023,,
WADENA,2010,,
WADENA,2011,,
WADENA,2012,6202,52805
WADENA,2013,,
WADENA,2014,,
WADENA,2015,,
WADENA,2016,,
WADENA,2017,181,
WADENA,2018,,
WADENA,2019,,
WADENA,2020,,
WADENA,2021,,
WADENA,2022,153,
WADENA,2023,,
WASECA,2010,,
WASECA,2011,,
WASECA,2012,243998,123857
WASECA,2013,,
WASECA,2014,,
WASECA,2015,,
WASECA,2016,,
WASECA,2017,271933,422016
WASECA,2018,,
WASECA,2019,,
WASECA,2020,,
WASECA,2021,,
WASECA,2022,216305,181705
WASECA,2023,,
WASHINGTON,2010,,
WASHINGTON,2011,,
WASHINGTON,2012,184,
WASHINGTON,2013,,
WASHINGTON,2014,,
WASHINGTON,2015,,
WASHINGTON,2016,,
WASHINGTON,2017,103,
WASHINGTON,2018,,
WASHINGTON,2019,,
WASHINGTON,2020,,
WASHINGTON,2021,,
WASHINGTON,2022,338,
WASHINGTON,2023,,
WATONWAN,2010,,
WATONWAN,2011,,
WATONWAN,2012,183618,
WATONWAN,2013,,
WATONWAN,2014,,
WATONWAN,2015,,
WATONWAN,2016,,
WATONWAN,2017,381830,
WATONWAN,2018,,
WATONWAN,2019,,
WATONWAN,2020,,
WATONWAN,2021,,
WATONWAN,2022,248970,
WATONWAN,2023,,
WILKIN,2010,,
WILKIN,2011,,
WILKIN,2012,,
WILKIN,2013,,
WILKIN,2014,,
WILKIN,2015,,
WILKIN,2016,,
WILKIN,2017,48,
WILKIN,2018,,
WILKIN,2019,,
WILKIN,2020,,
WILKIN,2021,,
WILKIN,2022,22,
WILKIN,2023,,
WINONA,2010,,
WINONA,2011,,
WINONA,2012,36935,
WINONA,2013,,
WINONA,2014,,
WINONA,2015,,
WINONA,2016,,
WINONA,2017,112381,
WINONA,2018,,
WINONA,2019,,
WINONA,2020,,
WINONA,2021,,
WINONA,2022,55794,
WINONA,2023,,
WRIGHT,2010,,
WRIGHT,2011,,
WRIGHT,2012,4819,
WRIGHT,2013,,
WRIGHT,2014,,
WRIGHT,2015,,
WRIGHT,2016,,
WRIGHT,2017,1045,311
WRIGHT,2018,,
WRIGHT,2019,,
WRIGHT,2020,,
WRIGHT,2021,,
WRIGHT,2022,4681,260
WRIGHT,2023,,
YELLOW MEDICINE,2010,,
YELLOW MEDICINE,2011,,
YELLOW MEDICINE,2012,120257,203028
YELLOW MEDICINE,2013,,
YELLOW MEDICINE,2014,,
YELLOW MEDICINE,2015,,
YELLOW MEDICINE,2016,,
YELLOW MEDICINE,2017,164594,
YELLOW MEDICINE,2018,,
YELLOW MEDICINE,2019,,
YELLOW MEDICINE,2020,,
YELLOW MEDICINE,2021,,
YELLOW MEDICINE,2022,214088,
YELLOW MEDICINE,2023,,
