State,County of County_Animals,ANSI of County_Animals,Ag District,Ag District Code,Year of County_Animals,"CATTLE, COWS, BEEF - INVENTORY","CATTLE, COWS, MILK - INVENTORY","CATTLE, INCL CALVES - INVENTORY","CATTLE, ON FEED - INVENTORY",HOGS - INVENTORY,TURKEYS - INVENTORY
MINNESOTA,AITKIN,27001,EAST CENTRAL,60,2010,5100,400,12300,,,
MINNESOTA,AITKIN,27001,EAST CENTRAL,60,2011,4800,400,12100,,,
MINNESOTA,AITKIN,27001,EAST CENTRAL,60,2012,4900,400,11900,52,48,39
MINNESOTA,AITKIN,27001,EAST CENTRAL,60,2013,4800,300,10400,,,
MINNESOTA,AITKIN,27001,EAST CENTRAL,60,2014,4400,300,9900,,,
MINNESOTA,AITKIN,27001,EAST CENTRAL,60,2015,4400,400,10000,,,
MINNESOTA,AITKIN,27001,EAST CENTRAL,60,2016,4400,300,11000,,,
MINNESOTA,AITKIN,27001,EAST CENTRAL,60,2017,4400,300,10800,125,217,100
MINNESOTA,AITKIN,27001,EAST CENTRAL,60,2018,4200,100,8700,,,
MINNESOTA,AITKIN,27001,EAST CENTRAL,60,2019,4300,100,8600,,,
MINNESOTA,AITKIN,27001,EAST CENTRAL,60,2020,4200,100,8300,,,
MINNESOTA,AITKIN,27001,EAST CENTRAL,60,2021,3900,100,7900,,,
MINNESOTA,AITKIN,27001,EAST CENTRAL,60,2022,4100,100,8100,190,171,92
MINNESOTA,AITKIN,27001,EAST CENTRAL,60,2023,4100,100,8000,,,
MINNESOTA,ANOKA,27003,EAST CENTRAL,60,2010,700,200,2200,,,
MINNESOTA,ANOKA,27003,EAST CENTRAL,60,2011,700,200,2200,,,
MINNESOTA,ANOKA,27003,EAST CENTRAL,60,2012,700,200,2200,273,170,
MINNESOTA,ANOKA,27003,EAST CENTRAL,60,2013,700,200,1600,,,
MINNESOTA,ANOKA,27003,EAST CENTRAL,60,2014,600,200,1500,,,
MINNESOTA,ANOKA,27003,EAST CENTRAL,60,2015,600,200,1600,,,
MINNESOTA,ANOKA,27003,EAST CENTRAL,60,2016,600,200,1700,,,
MINNESOTA,ANOKA,27003,EAST CENTRAL,60,2017,400,200,1700,276,146,29
MINNESOTA,ANOKA,27003,EAST CENTRAL,60,2018,,,1000,,,
MINNESOTA,ANOKA,27003,EAST CENTRAL,60,2019,,,1000,,,
MINNESOTA,ANOKA,27003,EAST CENTRAL,60,2020,,,1000,,,
MINNESOTA,ANOKA,27003,EAST CENTRAL,60,2021,,,900,,,
MINNESOTA,ANOKA,27003,EAST CENTRAL,60,2022,,,1000,,231,118
MINNESOTA,ANOKA,27003,EAST CENTRAL,60,2023,,,1000,,,
MINNESOTA,BECKER,27005,NORTHWEST,10,2010,6600,7000,26500,,,
MINNESOTA,BECKER,27005,NORTHWEST,10,2011,6300,7000,26000,,,
MINNESOTA,BECKER,27005,NORTHWEST,10,2012,6300,6900,25500,2531,18705,483590
MINNESOTA,BECKER,27005,NORTHWEST,10,2013,7000,8000,32000,,,
MINNESOTA,BECKER,27005,NORTHWEST,10,2014,6400,7700,30500,,,
MINNESOTA,BECKER,27005,NORTHWEST,10,2015,6400,7300,29500,,,
MINNESOTA,BECKER,27005,NORTHWEST,10,2016,6400,7000,28500,,,
MINNESOTA,BECKER,27005,NORTHWEST,10,2017,6400,6600,27500,1969,,578604
MINNESOTA,BECKER,27005,NORTHWEST,10,2018,6100,6200,26500,,,
MINNESOTA,BECKER,27005,NORTHWEST,10,2019,6200,6200,26500,,,
MINNESOTA,BECKER,27005,NORTHWEST,10,2020,6100,6100,26000,,,
MINNESOTA,BECKER,27005,NORTHWEST,10,2021,5600,6200,24500,,,
MINNESOTA,BECKER,27005,NORTHWEST,10,2022,6000,6300,25000,2985,24991,357337
MINNESOTA,BECKER,27005,NORTHWEST,10,2023,6000,6200,25000,,,
MINNESOTA,BELTRAMI,27007,NORTH CENTRAL,20,2010,9500,1000,19900,,,
MINNESOTA,BELTRAMI,27007,NORTH CENTRAL,20,2011,9000,1000,19600,,,
MINNESOTA,BELTRAMI,27007,NORTH CENTRAL,20,2012,9100,1000,19200,,186,72
MINNESOTA,BELTRAMI,27007,NORTH CENTRAL,20,2013,8700,500,16800,,,
MINNESOTA,BELTRAMI,27007,NORTH CENTRAL,20,2014,7900,500,16000,,,
MINNESOTA,BELTRAMI,27007,NORTH CENTRAL,20,2015,7900,500,16300,,,
MINNESOTA,BELTRAMI,27007,NORTH CENTRAL,20,2016,8900,500,17700,,,
MINNESOTA,BELTRAMI,27007,NORTH CENTRAL,20,2017,9300,500,17500,336,190,132
MINNESOTA,BELTRAMI,27007,NORTH CENTRAL,20,2018,9700,,16500,,,
MINNESOTA,BELTRAMI,27007,NORTH CENTRAL,20,2019,9800,,16300,,,
MINNESOTA,BELTRAMI,27007,NORTH CENTRAL,20,2020,9700,,15900,,,
MINNESOTA,BELTRAMI,27007,NORTH CENTRAL,20,2021,8900,,15100,,,
MINNESOTA,BELTRAMI,27007,NORTH CENTRAL,20,2022,9600,,15500,307,209,6
MINNESOTA,BELTRAMI,27007,NORTH CENTRAL,20,2023,9600,,15300,,,
MINNESOTA,BENTON,27009,CENTRAL,50,2010,4600,12900,38000,,,
MINNESOTA,BENTON,27009,CENTRAL,50,2011,4300,12900,37500,,,
MINNESOTA,BENTON,27009,CENTRAL,50,2012,4400,12700,36500,4359,23865,22
MINNESOTA,BENTON,27009,CENTRAL,50,2013,4700,11200,35000,,,
MINNESOTA,BENTON,27009,CENTRAL,50,2014,4300,11100,33500,,,
MINNESOTA,BENTON,27009,CENTRAL,50,2015,4300,10900,34000,,,
MINNESOTA,BENTON,27009,CENTRAL,50,2016,4300,10900,35000,,,
MINNESOTA,BENTON,27009,CENTRAL,50,2017,4700,10800,34500,3395,25398,
MINNESOTA,BENTON,27009,CENTRAL,50,2018,4000,10300,33500,,,
MINNESOTA,BENTON,27009,CENTRAL,50,2019,4000,10200,33000,,,
MINNESOTA,BENTON,27009,CENTRAL,50,2020,4000,10100,32500,,,
MINNESOTA,BENTON,27009,CENTRAL,50,2021,3700,10300,30500,,,
MINNESOTA,BENTON,27009,CENTRAL,50,2022,3900,10500,31500,4157,34685,
MINNESOTA,BENTON,27009,CENTRAL,50,2023,3900,10300,31000,,,
MINNESOTA,BIG STONE,27011,WEST CENTRAL,40,2010,1600,800,6000,,,
MINNESOTA,BIG STONE,27011,WEST CENTRAL,40,2011,1500,800,5900,,,
MINNESOTA,BIG STONE,27011,WEST CENTRAL,40,2012,1600,800,5800,937,41005,
MINNESOTA,BIG STONE,27011,WEST CENTRAL,40,2013,1700,400,4600,,,
MINNESOTA,BIG STONE,27011,WEST CENTRAL,40,2014,1600,400,4500,,,
MINNESOTA,BIG STONE,27011,WEST CENTRAL,40,2015,1600,400,6700,,,
MINNESOTA,BIG STONE,27011,WEST CENTRAL,40,2016,1600,400,8900,,,
MINNESOTA,BIG STONE,27011,WEST CENTRAL,40,2017,2100,400,11100,1065,47084,
MINNESOTA,BIG STONE,27011,WEST CENTRAL,40,2018,2500,,13300,,,
MINNESOTA,BIG STONE,27011,WEST CENTRAL,40,2019,2600,,13200,,,
MINNESOTA,BIG STONE,27011,WEST CENTRAL,40,2020,2500,,12800,,,
MINNESOTA,BIG STONE,27011,WEST CENTRAL,40,2021,2300,,12200,,,
MINNESOTA,BIG STONE,27011,WEST CENTRAL,40,2022,2500,,12500,406,45114,
MINNESOTA,BIG STONE,27011,WEST CENTRAL,40,2023,2500,,12400,,,
MINNESOTA,BLUE EARTH,27013,SOUTH CENTRAL,80,2010,1200,1000,13900,,,
MINNESOTA,BLUE EARTH,27013,SOUTH CENTRAL,80,2011,1200,1000,13700,,,
MINNESOTA,BLUE EARTH,27013,SOUTH CENTRAL,80,2012,1200,1000,13400,4014,554230,121084
MINNESOTA,BLUE EARTH,27013,SOUTH CENTRAL,80,2013,1600,700,12100,,,
MINNESOTA,BLUE EARTH,27013,SOUTH CENTRAL,80,2014,1500,700,11500,,,
MINNESOTA,BLUE EARTH,27013,SOUTH CENTRAL,80,2015,1500,700,11700,,,
MINNESOTA,BLUE EARTH,27013,SOUTH CENTRAL,80,2016,1500,600,12700,,,
MINNESOTA,BLUE EARTH,27013,SOUTH CENTRAL,80,2017,1600,600,12600,5959,599573,131772
MINNESOTA,BLUE EARTH,27013,SOUTH CENTRAL,80,2018,1300,400,12200,,,
MINNESOTA,BLUE EARTH,27013,SOUTH CENTRAL,80,2019,1400,400,12100,,,
MINNESOTA,BLUE EARTH,27013,SOUTH CENTRAL,80,2020,1300,400,11800,,,
MINNESOTA,BLUE EARTH,27013,SOUTH CENTRAL,80,2021,1200,400,11200,,,
MINNESOTA,BLUE EARTH,27013,SOUTH CENTRAL,80,2022,1300,400,11500,2603,669744,
MINNESOTA,BLUE EARTH,27013,SOUTH CENTRAL,80,2023,1300,400,11300,,,
MINNESOTA,BROWN,27015,SOUTH CENTRAL,80,2010,3600,5600,45000,,,
MINNESOTA,BROWN,27015,SOUTH CENTRAL,80,2011,3400,5600,44000,,,
MINNESOTA,BROWN,27015,SOUTH CENTRAL,80,2012,3500,5500,43000,20570,218163,378325
MINNESOTA,BROWN,27015,SOUTH CENTRAL,80,2013,2400,4900,40500,,,
MINNESOTA,BROWN,27015,SOUTH CENTRAL,80,2014,2200,4900,38500,,,
MINNESOTA,BROWN,27015,SOUTH CENTRAL,80,2015,2200,4800,39000,,,
MINNESOTA,BROWN,27015,SOUTH CENTRAL,80,2016,2200,4900,42500,,,
MINNESOTA,BROWN,27015,SOUTH CENTRAL,80,2017,2700,5200,42000,22794,282668,225034
MINNESOTA,BROWN,27015,SOUTH CENTRAL,80,2018,2600,5700,42500,,,
MINNESOTA,BROWN,27015,SOUTH CENTRAL,80,2019,2700,5700,42000,,,
MINNESOTA,BROWN,27015,SOUTH CENTRAL,80,2020,2600,5600,40500,,,
MINNESOTA,BROWN,27015,SOUTH CENTRAL,80,2021,2400,5700,38500,,,
MINNESOTA,BROWN,27015,SOUTH CENTRAL,80,2022,2600,5800,40000,11481,244365,103255
MINNESOTA,BROWN,27015,SOUTH CENTRAL,80,2023,2600,5700,39000,,,
MINNESOTA,CARLTON,27017,EAST CENTRAL,60,2010,3600,1300,8600,,,
MINNESOTA,CARLTON,27017,EAST CENTRAL,60,2011,3400,1300,8400,,,
MINNESOTA,CARLTON,27017,EAST CENTRAL,60,2012,3500,1300,8300,119,118,11
MINNESOTA,CARLTON,27017,EAST CENTRAL,60,2013,4400,1200,10500,,,
MINNESOTA,CARLTON,27017,EAST CENTRAL,60,2014,4000,1200,10000,,,
MINNESOTA,CARLTON,27017,EAST CENTRAL,60,2015,4000,1200,10200,,,
MINNESOTA,CARLTON,27017,EAST CENTRAL,60,2016,5000,1200,11100,,,
MINNESOTA,CARLTON,27017,EAST CENTRAL,60,2017,5400,1200,10900,187,491,44
MINNESOTA,CARLTON,27017,EAST CENTRAL,60,2018,5300,600,10000,,,
MINNESOTA,CARLTON,27017,EAST CENTRAL,60,2019,5300,600,9900,,,
MINNESOTA,CARLTON,27017,EAST CENTRAL,60,2020,5300,600,9600,,,
MINNESOTA,CARLTON,27017,EAST CENTRAL,60,2021,4800,600,9200,,,
MINNESOTA,CARLTON,27017,EAST CENTRAL,60,2022,5200,600,9400,,60,
MINNESOTA,CARLTON,27017,EAST CENTRAL,60,2023,5200,600,9300,,,
MINNESOTA,CARVER,27019,CENTRAL,50,2010,1500,9400,28500,,,
MINNESOTA,CARVER,27019,CENTRAL,50,2011,1400,9400,28500,,,
MINNESOTA,CARVER,27019,CENTRAL,50,2012,1500,9400,27500,2941,29567,121
MINNESOTA,CARVER,27019,CENTRAL,50,2013,1500,8000,23000,,,
MINNESOTA,CARVER,27019,CENTRAL,50,2014,1400,8000,21500,,,
MINNESOTA,CARVER,27019,CENTRAL,50,2015,1400,7800,22000,,,
MINNESOTA,CARVER,27019,CENTRAL,50,2016,1400,7800,24500,,,
MINNESOTA,CARVER,27019,CENTRAL,50,2017,1800,7800,23500,4157,9908,94
MINNESOTA,CARVER,27019,CENTRAL,50,2018,2100,7500,22000,,,
MINNESOTA,CARVER,27019,CENTRAL,50,2019,2100,7400,22000,,,
MINNESOTA,CARVER,27019,CENTRAL,50,2020,2100,7300,21500,,,
MINNESOTA,CARVER,27019,CENTRAL,50,2021,1900,7500,20500,,,
MINNESOTA,CARVER,27019,CENTRAL,50,2022,2000,7500,21000,3345,25743,43
MINNESOTA,CARVER,27019,CENTRAL,50,2023,2000,7500,20500,,,
MINNESOTA,CASS,27021,NORTH CENTRAL,20,2010,11700,1200,26000,,,
MINNESOTA,CASS,27021,NORTH CENTRAL,20,2011,11100,1200,26000,,,
MINNESOTA,CASS,27021,NORTH CENTRAL,20,2012,11200,1200,25500,,98,
MINNESOTA,CASS,27021,NORTH CENTRAL,20,2013,9000,1100,27500,,,
MINNESOTA,CASS,27021,NORTH CENTRAL,20,2014,8200,1100,26500,,,
MINNESOTA,CASS,27021,NORTH CENTRAL,20,2015,8200,1100,25000,,,
MINNESOTA,CASS,27021,NORTH CENTRAL,20,2016,8400,1000,23500,,,
MINNESOTA,CASS,27021,NORTH CENTRAL,20,2017,9300,700,22500,512,137,
MINNESOTA,CASS,27021,NORTH CENTRAL,20,2018,9300,400,21000,,,
MINNESOTA,CASS,27021,NORTH CENTRAL,20,2019,9500,400,20500,,,
MINNESOTA,CASS,27021,NORTH CENTRAL,20,2020,9300,400,20000,,,
MINNESOTA,CASS,27021,NORTH CENTRAL,20,2021,8600,400,19100,,,
MINNESOTA,CASS,27021,NORTH CENTRAL,20,2022,9200,400,19800,84,222,
MINNESOTA,CASS,27021,NORTH CENTRAL,20,2023,9200,400,19400,,,
MINNESOTA,CHIPPEWA,27023,WEST CENTRAL,40,2010,,,9000,,,
MINNESOTA,CHIPPEWA,27023,WEST CENTRAL,40,2011,,,8800,,,
MINNESOTA,CHIPPEWA,27023,WEST CENTRAL,40,2012,,,17300,3710,50200,
MINNESOTA,CHIPPEWA,27023,WEST CENTRAL,40,2013,,,26000,,,
MINNESOTA,CHIPPEWA,27023,WEST CENTRAL,40,2014,,,25000,,,
MINNESOTA,CHIPPEWA,27023,WEST CENTRAL,40,2015,,,25000,,,
MINNESOTA,CHIPPEWA,27023,WEST CENTRAL,40,2016,,,27500,,,
MINNESOTA,CHIPPEWA,27023,WEST CENTRAL,40,2017,,,27000,5556,54121,
MINNESOTA,CHIPPEWA,27023,WEST CENTRAL,40,2018,,,22500,,,
MINNESOTA,CHIPPEWA,27023,WEST CENTRAL,40,2019,,,22500,,,
MINNESOTA,CHIPPEWA,27023,WEST CENTRAL,40,2020,,,22000,,,
MINNESOTA,CHIPPEWA,27023,WEST CENTRAL,40,2021,,,21000,,,
MINNESOTA,CHIPPEWA,27023,WEST CENTRAL,40,2022,,,21500,1024,61623,109546
MINNESOTA,CHIPPEWA,27023,WEST CENTRAL,40,2023,,,21000,,,
MINNESOTA,CHISAGO,27025,EAST CENTRAL,60,2010,2500,2200,10700,,,
MINNESOTA,CHISAGO,27025,EAST CENTRAL,60,2011,2300,2200,10500,,,
MINNESOTA,CHISAGO,27025,EAST CENTRAL,60,2012,2400,2200,10300,458,563,
MINNESOTA,CHISAGO,27025,EAST CENTRAL,60,2013,2600,1700,10100,,,
MINNESOTA,CHISAGO,27025,EAST CENTRAL,60,2014,2400,1700,9600,,,
MINNESOTA,CHISAGO,27025,EAST CENTRAL,60,2015,2400,1700,9700,,,
MINNESOTA,CHISAGO,27025,EAST CENTRAL,60,2016,2400,1700,10600,,,
MINNESOTA,CHISAGO,27025,EAST CENTRAL,60,2017,2600,1700,10600,538,1056,138
MINNESOTA,CHISAGO,27025,EAST CENTRAL,60,2018,2400,1700,10100,,,
MINNESOTA,CHISAGO,27025,EAST CENTRAL,60,2019,2400,1700,9900,,,
MINNESOTA,CHISAGO,27025,EAST CENTRAL,60,2020,2400,1700,9700,,,
MINNESOTA,CHISAGO,27025,EAST CENTRAL,60,2021,2200,1700,9200,,,
MINNESOTA,CHISAGO,27025,EAST CENTRAL,60,2022,2400,1800,9500,592,484,93
MINNESOTA,CHISAGO,27025,EAST CENTRAL,60,2023,2400,1700,9300,,,
MINNESOTA,CLAY,27027,NORTHWEST,10,2010,4700,1800,16000,,,
MINNESOTA,CLAY,27027,NORTHWEST,10,2011,4500,1800,15700,,,
MINNESOTA,CLAY,27027,NORTHWEST,10,2012,4500,1800,15400,1219,32825,
MINNESOTA,CLAY,27027,NORTHWEST,10,2013,4400,700,10500,,,
MINNESOTA,CLAY,27027,NORTHWEST,10,2014,3900,700,10000,,,
MINNESOTA,CLAY,27027,NORTHWEST,10,2015,3900,700,10200,,,
MINNESOTA,CLAY,27027,NORTHWEST,10,2016,4000,700,11100,,,
MINNESOTA,CLAY,27027,NORTHWEST,10,2017,4300,900,11000,997,22530,
MINNESOTA,CLAY,27027,NORTHWEST,10,2018,4000,1000,10000,,,
MINNESOTA,CLAY,27027,NORTHWEST,10,2019,4100,1000,9900,,,
MINNESOTA,CLAY,27027,NORTHWEST,10,2020,4000,1000,9600,,,
MINNESOTA,CLAY,27027,NORTHWEST,10,2021,3700,1000,9200,,,
MINNESOTA,CLAY,27027,NORTHWEST,10,2022,4000,1100,9400,375,13515,
MINNESOTA,CLAY,27027,NORTHWEST,10,2023,4000,1000,9300,,,
MINNESOTA,CLEARWATER,27029,NORTHWEST,10,2010,8700,1000,19700,,,
MINNESOTA,CLEARWATER,27029,NORTHWEST,10,2011,8300,1000,19400,,,
MINNESOTA,CLEARWATER,27029,NORTHWEST,10,2012,8400,900,19000,,,17
MINNESOTA,CLEARWATER,27029,NORTHWEST,10,2013,8900,1000,18400,,,
MINNESOTA,CLEARWATER,27029,NORTHWEST,10,2014,8100,1000,17500,,,
MINNESOTA,CLEARWATER,27029,NORTHWEST,10,2015,8100,1000,17800,,,
MINNESOTA,CLEARWATER,27029,NORTHWEST,10,2016,8100,900,19400,,,
MINNESOTA,CLEARWATER,27029,NORTHWEST,10,2017,8900,600,19100,,,74
MINNESOTA,CLEARWATER,27029,NORTHWEST,10,2018,8900,300,16500,,,
MINNESOTA,CLEARWATER,27029,NORTHWEST,10,2019,9000,300,16300,,,
MINNESOTA,CLEARWATER,27029,NORTHWEST,10,2020,8900,300,15900,,,
MINNESOTA,CLEARWATER,27029,NORTHWEST,10,2021,8100,300,15100,,,
MINNESOTA,CLEARWATER,27029,NORTHWEST,10,2022,8800,300,15600,,538,
MINNESOTA,CLEARWATER,27029,NORTHWEST,10,2023,8800,300,15300,,,
MINNESOTA,COOK,27031,NORTHEAST,30,2011,,,,,,
MINNESOTA,COOK,27031,NORTHEAST,30,2012,,,,,,
MINNESOTA,COOK,27031,NORTHEAST,30,2013,,,,,,
MINNESOTA,COOK,27031,NORTHEAST,30,2014,,,,,,
MINNESOTA,COOK,27031,NORTHEAST,30,2015,,,,,,
MINNESOTA,COOK,27031,NORTHEAST,30,2016,,,,,,
MINNESOTA,COOK,27031,NORTHEAST,30,2017,,,,,,
MINNESOTA,COOK,27031,NORTHEAST,30,2018,,,100,,,
MINNESOTA,COOK,27031,NORTHEAST,30,2019,,,100,,,
MINNESOTA,COOK,27031,NORTHEAST,30,2020,,,100,,,
MINNESOTA,COOK,27031,NORTHEAST,30,2021,,,100,,,
MINNESOTA,COOK,27031,NORTHEAST,30,2022,,,100,,,
MINNESOTA,COOK,27031,NORTHEAST,30,2023,,,100,,,
MINNESOTA,COTTONWOOD,27033,SOUTHWEST,70,2010,2700,1200,29500,,,
MINNESOTA,COTTONWOOD,27033,SOUTHWEST,70,2011,2600,1200,29500,,,
MINNESOTA,COTTONWOOD,27033,SOUTHWEST,70,2012,2600,1200,28500,15004,235636,224209
MINNESOTA,COTTONWOOD,27033,SOUTHWEST,70,2013,3300,800,24500,,,
MINNESOTA,COTTONWOOD,27033,SOUTHWEST,70,2014,3000,800,23500,,,
MINNESOTA,COTTONWOOD,27033,SOUTHWEST,70,2015,3000,800,25500,,,
MINNESOTA,COTTONWOOD,27033,SOUTHWEST,70,2016,3000,800,29000,,,
MINNESOTA,COTTONWOOD,27033,SOUTHWEST,70,2017,3200,800,30000,22367,356536,86045
MINNESOTA,COTTONWOOD,27033,SOUTHWEST,70,2018,2500,600,32500,,,
MINNESOTA,COTTONWOOD,27033,SOUTHWEST,70,2019,2600,600,32000,,,
MINNESOTA,COTTONWOOD,27033,SOUTHWEST,70,2020,2500,600,31000,,,
MINNESOTA,COTTONWOOD,27033,SOUTHWEST,70,2021,2300,600,29500,,,
MINNESOTA,COTTONWOOD,27033,SOUTHWEST,70,2022,2500,600,30500,10945,341754,126710
MINNESOTA,COTTONWOOD,27033,SOUTHWEST,70,2023,2500,600,30000,,,
MINNESOTA,CROW WING,27035,EAST CENTRAL,60,2010,5500,700,11000,,,
MINNESOTA,CROW WING,27035,EAST CENTRAL,60,2011,5200,700,10800,,,
MINNESOTA,CROW WING,27035,EAST CENTRAL,60,2012,5300,700,10600,1399,307,81
MINNESOTA,CROW WING,27035,EAST CENTRAL,60,2013,4500,900,9900,,,
MINNESOTA,CROW WING,27035,EAST CENTRAL,60,2014,4000,900,9400,,,
MINNESOTA,CROW WING,27035,EAST CENTRAL,60,2015,4000,900,9600,,,
MINNESOTA,CROW WING,27035,EAST CENTRAL,60,2016,4100,900,10400,,,
MINNESOTA,CROW WING,27035,EAST CENTRAL,60,2017,4100,900,10300,,267,37
MINNESOTA,CROW WING,27035,EAST CENTRAL,60,2018,3600,500,7400,,,
MINNESOTA,CROW WING,27035,EAST CENTRAL,60,2019,3700,500,7300,,,
MINNESOTA,CROW WING,27035,EAST CENTRAL,60,2020,3600,500,7100,,,
MINNESOTA,CROW WING,27035,EAST CENTRAL,60,2021,3300,500,6800,,,
MINNESOTA,CROW WING,27035,EAST CENTRAL,60,2022,3600,500,7000,,25,86
MINNESOTA,CROW WING,27035,EAST CENTRAL,60,2023,3600,500,6900,,,
MINNESOTA,DAKOTA,27037,SOUTHEAST,90,2010,2100,4300,43000,,,
MINNESOTA,DAKOTA,27037,SOUTHEAST,90,2011,2000,4300,42500,,,
MINNESOTA,DAKOTA,27037,SOUTHEAST,90,2012,2000,4300,33500,10614,32683,
MINNESOTA,DAKOTA,27037,SOUTHEAST,90,2013,2100,4600,24500,,,
MINNESOTA,DAKOTA,27037,SOUTHEAST,90,2014,1900,4400,23500,,,
MINNESOTA,DAKOTA,27037,SOUTHEAST,90,2015,1900,4200,23500,,,
MINNESOTA,DAKOTA,27037,SOUTHEAST,90,2016,2000,4000,25500,,,
MINNESOTA,DAKOTA,27037,SOUTHEAST,90,2017,2100,3800,25500,10968,14493,
MINNESOTA,DAKOTA,27037,SOUTHEAST,90,2018,1900,3600,23000,,,
MINNESOTA,DAKOTA,27037,SOUTHEAST,90,2019,1900,3500,22500,,,
MINNESOTA,DAKOTA,27037,SOUTHEAST,90,2020,1900,3500,22000,,,
MINNESOTA,DAKOTA,27037,SOUTHEAST,90,2021,1700,3600,21000,,,
MINNESOTA,DAKOTA,27037,SOUTHEAST,90,2022,1900,3600,21500,13046,4808,
MINNESOTA,DAKOTA,27037,SOUTHEAST,90,2023,1900,3600,21000,,,
MINNESOTA,DODGE,27039,SOUTHEAST,90,2010,1900,7100,22500,,,
MINNESOTA,DODGE,27039,SOUTHEAST,90,2011,1800,7100,22000,,,
MINNESOTA,DODGE,27039,SOUTHEAST,90,2012,1900,7000,21500,3934,163874,262050
MINNESOTA,DODGE,27039,SOUTHEAST,90,2013,1700,5600,19700,,,
MINNESOTA,DODGE,27039,SOUTHEAST,90,2014,1500,5300,18800,,,
MINNESOTA,DODGE,27039,SOUTHEAST,90,2015,1500,5100,19000,,,
MINNESOTA,DODGE,27039,SOUTHEAST,90,2016,1500,4800,21000,,,
MINNESOTA,DODGE,27039,SOUTHEAST,90,2017,1900,4600,20000,5551,169168,330719
MINNESOTA,DODGE,27039,SOUTHEAST,90,2018,2100,4300,16300,,,
MINNESOTA,DODGE,27039,SOUTHEAST,90,2019,2200,4200,16100,,,
MINNESOTA,DODGE,27039,SOUTHEAST,90,2020,2200,4200,15700,,,
MINNESOTA,DODGE,27039,SOUTHEAST,90,2021,2000,4300,14900,,,
MINNESOTA,DODGE,27039,SOUTHEAST,90,2022,2100,4300,15400,5233,243721,
MINNESOTA,DODGE,27039,SOUTHEAST,90,2023,2100,4300,15100,,,
MINNESOTA,DOUGLAS,27041,WEST CENTRAL,40,2010,4200,5700,28000,,,
MINNESOTA,DOUGLAS,27041,WEST CENTRAL,40,2011,4000,5700,27500,,,
MINNESOTA,DOUGLAS,27041,WEST CENTRAL,40,2012,4000,5700,27000,6851,1198,9
MINNESOTA,DOUGLAS,27041,WEST CENTRAL,40,2013,3300,5800,27500,,,
MINNESOTA,DOUGLAS,27041,WEST CENTRAL,40,2014,3000,5400,26000,,,
MINNESOTA,DOUGLAS,27041,WEST CENTRAL,40,2015,3000,4900,24500,,,
MINNESOTA,DOUGLAS,27041,WEST CENTRAL,40,2016,3000,4500,23000,,,
MINNESOTA,DOUGLAS,27041,WEST CENTRAL,40,2017,3800,4000,21500,5611,1089,
MINNESOTA,DOUGLAS,27041,WEST CENTRAL,40,2018,3800,3600,20000,,,
MINNESOTA,DOUGLAS,27041,WEST CENTRAL,40,2019,3900,3500,19800,,,
MINNESOTA,DOUGLAS,27041,WEST CENTRAL,40,2020,3800,3500,19300,,,
MINNESOTA,DOUGLAS,27041,WEST CENTRAL,40,2021,3500,3600,18200,,,
MINNESOTA,DOUGLAS,27041,WEST CENTRAL,40,2022,3800,3600,18900,2629,1179,
MINNESOTA,DOUGLAS,27041,WEST CENTRAL,40,2023,3800,3600,18600,,,
MINNESOTA,FARIBAULT,27043,SOUTH CENTRAL,80,2010,1400,2200,14800,,,
MINNESOTA,FARIBAULT,27043,SOUTH CENTRAL,80,2011,1400,2200,14600,,,
MINNESOTA,FARIBAULT,27043,SOUTH CENTRAL,80,2012,1400,2200,14300,4584,249759,
MINNESOTA,FARIBAULT,27043,SOUTH CENTRAL,80,2013,1700,1600,11500,,,
MINNESOTA,FARIBAULT,27043,SOUTH CENTRAL,80,2014,1500,1600,10900,,,
MINNESOTA,FARIBAULT,27043,SOUTH CENTRAL,80,2015,1500,1500,11100,,,
MINNESOTA,FARIBAULT,27043,SOUTH CENTRAL,80,2016,1500,1500,13700,,,
MINNESOTA,FARIBAULT,27043,SOUTH CENTRAL,80,2017,1300,1500,13700,7530,211593,
MINNESOTA,FARIBAULT,27043,SOUTH CENTRAL,80,2018,1100,2100,13700,,,
MINNESOTA,FARIBAULT,27043,SOUTH CENTRAL,80,2019,1100,2100,13600,,,
MINNESOTA,FARIBAULT,27043,SOUTH CENTRAL,80,2020,1100,2100,13200,,,
MINNESOTA,FARIBAULT,27043,SOUTH CENTRAL,80,2021,1000,2100,12600,,,
MINNESOTA,FARIBAULT,27043,SOUTH CENTRAL,80,2022,1100,2200,12900,1643,278094,
MINNESOTA,FARIBAULT,27043,SOUTH CENTRAL,80,2023,1100,2100,12700,,,
MINNESOTA,FILLMORE,27045,SOUTHEAST,90,2010,16600,11100,65000,,,
MINNESOTA,FILLMORE,27045,SOUTHEAST,90,2011,15700,11100,64000,,,
MINNESOTA,FILLMORE,27045,SOUTHEAST,90,2012,15900,11000,70000,11749,136778,
MINNESOTA,FILLMORE,27045,SOUTHEAST,90,2013,18500,12400,76000,,,
MINNESOTA,FILLMORE,27045,SOUTHEAST,90,2014,16700,12100,72000,,,
MINNESOTA,FILLMORE,27045,SOUTHEAST,90,2015,16700,11800,70000,,,
MINNESOTA,FILLMORE,27045,SOUTHEAST,90,2016,16700,11500,66000,,,
MINNESOTA,FILLMORE,27045,SOUTHEAST,90,2017,16500,11300,63000,8237,143545,
MINNESOTA,FILLMORE,27045,SOUTHEAST,90,2018,16100,10900,60000,,,
MINNESOTA,FILLMORE,27045,SOUTHEAST,90,2019,16300,10800,59000,,,
MINNESOTA,FILLMORE,27045,SOUTHEAST,90,2020,16100,10700,57000,,,
MINNESOTA,FILLMORE,27045,SOUTHEAST,90,2021,14800,10900,55000,,,
MINNESOTA,FILLMORE,27045,SOUTHEAST,90,2022,15800,11000,56000,10438,135192,
MINNESOTA,FILLMORE,27045,SOUTHEAST,90,2023,15800,10900,55000,,,
MINNESOTA,FREEBORN,27047,SOUTH CENTRAL,80,2010,3200,1400,15500,,,
MINNESOTA,FREEBORN,27047,SOUTH CENTRAL,80,2011,3000,1400,15300,,,
MINNESOTA,FREEBORN,27047,SOUTH CENTRAL,80,2012,3100,1400,15000,8837,324837,49303
MINNESOTA,FREEBORN,27047,SOUTH CENTRAL,80,2013,2600,900,17300,,,
MINNESOTA,FREEBORN,27047,SOUTH CENTRAL,80,2014,2400,900,16500,,,
MINNESOTA,FREEBORN,27047,SOUTH CENTRAL,80,2015,2400,900,16800,,,
MINNESOTA,FREEBORN,27047,SOUTH CENTRAL,80,2016,2400,900,18300,,,
MINNESOTA,FREEBORN,27047,SOUTH CENTRAL,80,2017,3200,900,18300,6875,291430,113000
MINNESOTA,FREEBORN,27047,SOUTH CENTRAL,80,2018,3200,700,18300,,,
MINNESOTA,FREEBORN,27047,SOUTH CENTRAL,80,2019,3200,700,18000,,,
MINNESOTA,FREEBORN,27047,SOUTH CENTRAL,80,2020,3200,700,17600,,,
MINNESOTA,FREEBORN,27047,SOUTH CENTRAL,80,2021,2900,700,16700,,,
MINNESOTA,FREEBORN,27047,SOUTH CENTRAL,80,2022,3200,700,17200,3166,224400,59210
MINNESOTA,FREEBORN,27047,SOUTH CENTRAL,80,2023,3200,700,16900,,,
MINNESOTA,GOODHUE,27049,SOUTHEAST,90,2010,6100,19800,67000,,,
MINNESOTA,GOODHUE,27049,SOUTHEAST,90,2011,5800,19800,66000,,,
MINNESOTA,GOODHUE,27049,SOUTHEAST,90,2012,5900,19600,65000,11695,143804,302767
MINNESOTA,GOODHUE,27049,SOUTHEAST,90,2013,6100,17500,59000,,,
MINNESOTA,GOODHUE,27049,SOUTHEAST,90,2014,5600,17300,57000,,,
MINNESOTA,GOODHUE,27049,SOUTHEAST,90,2015,5600,17000,57000,,,
MINNESOTA,GOODHUE,27049,SOUTHEAST,90,2016,6600,17400,61000,,,
MINNESOTA,GOODHUE,27049,SOUTHEAST,90,2017,7300,17600,66000,17293,103073,543043
MINNESOTA,GOODHUE,27049,SOUTHEAST,90,2018,8100,18300,71000,,,
MINNESOTA,GOODHUE,27049,SOUTHEAST,90,2019,8200,18100,70000,,,
MINNESOTA,GOODHUE,27049,SOUTHEAST,90,2020,8100,17800,68000,,,
MINNESOTA,GOODHUE,27049,SOUTHEAST,90,2021,7400,18300,65000,,,
MINNESOTA,GOODHUE,27049,SOUTHEAST,90,2022,8000,18500,67000,14818,99919,
MINNESOTA,GOODHUE,27049,SOUTHEAST,90,2023,8000,18300,66000,,,
MINNESOTA,GRANT,27051,WEST CENTRAL,40,2010,,1500,5300,,,
MINNESOTA,GRANT,27051,WEST CENTRAL,40,2011,400,1500,5200,,,
MINNESOTA,GRANT,27051,WEST CENTRAL,40,2012,400,1500,5100,,,
MINNESOTA,GRANT,27051,WEST CENTRAL,40,2013,,,4400,,,
MINNESOTA,GRANT,27051,WEST CENTRAL,40,2014,,,4600,,,
MINNESOTA,GRANT,27051,WEST CENTRAL,40,2015,,,7100,,,
MINNESOTA,GRANT,27051,WEST CENTRAL,40,2016,,,10000,,,
MINNESOTA,GRANT,27051,WEST CENTRAL,40,2017,,,12100,1478,23320,
MINNESOTA,GRANT,27051,WEST CENTRAL,40,2018,,,14600,,,
MINNESOTA,GRANT,27051,WEST CENTRAL,40,2019,,,14500,,,
MINNESOTA,GRANT,27051,WEST CENTRAL,40,2020,,,14100,,,
MINNESOTA,GRANT,27051,WEST CENTRAL,40,2021,,,13400,,,
MINNESOTA,GRANT,27051,WEST CENTRAL,40,2022,,,13800,526,,
MINNESOTA,GRANT,27051,WEST CENTRAL,40,2023,,,13600,,,
MINNESOTA,HENNEPIN,27053,EAST CENTRAL,60,2010,1100,1300,7400,,,
MINNESOTA,HENNEPIN,27053,EAST CENTRAL,60,2011,1100,1300,7300,,,
MINNESOTA,HENNEPIN,27053,EAST CENTRAL,60,2012,1100,1300,7200,3201,86,
MINNESOTA,HENNEPIN,27053,EAST CENTRAL,60,2013,1000,1700,8500,,,
MINNESOTA,HENNEPIN,27053,EAST CENTRAL,60,2014,900,1700,8100,,,
MINNESOTA,HENNEPIN,27053,EAST CENTRAL,60,2015,900,1600,7400,,,
MINNESOTA,HENNEPIN,27053,EAST CENTRAL,60,2016,900,1600,6800,,,
MINNESOTA,HENNEPIN,27053,EAST CENTRAL,60,2017,1000,1600,6100,310,55,110
MINNESOTA,HENNEPIN,27053,EAST CENTRAL,60,2018,800,1100,5500,,,
MINNESOTA,HENNEPIN,27053,EAST CENTRAL,60,2019,800,1100,5400,,,
MINNESOTA,HENNEPIN,27053,EAST CENTRAL,60,2020,800,1100,5300,,,
MINNESOTA,HENNEPIN,27053,EAST CENTRAL,60,2021,800,1100,5000,,,
MINNESOTA,HENNEPIN,27053,EAST CENTRAL,60,2022,800,1100,5100,954,48,205
MINNESOTA,HENNEPIN,27053,EAST CENTRAL,60,2023,800,1100,5100,,,
MINNESOTA,HOUSTON,27055,SOUTHEAST,90,2010,9600,9900,48000,,,
MINNESOTA,HOUSTON,27055,SOUTHEAST,90,2011,9100,9900,47000,,,
MINNESOTA,HOUSTON,27055,SOUTHEAST,90,2012,9200,9800,46000,5126,22428,
MINNESOTA,HOUSTON,27055,SOUTHEAST,90,2013,8600,9200,47000,,,
MINNESOTA,HOUSTON,27055,SOUTHEAST,90,2014,7800,9100,45000,,,
MINNESOTA,HOUSTON,27055,SOUTHEAST,90,2015,7800,8900,45500,,,
MINNESOTA,HOUSTON,27055,SOUTHEAST,90,2016,7800,8800,48500,,,
MINNESOTA,HOUSTON,27055,SOUTHEAST,90,2017,7800,8800,48000,4539,12703,
MINNESOTA,HOUSTON,27055,SOUTHEAST,90,2018,7800,9100,44000,,,
MINNESOTA,HOUSTON,27055,SOUTHEAST,90,2019,7900,9000,43500,,,
MINNESOTA,HOUSTON,27055,SOUTHEAST,90,2020,7800,8900,42000,,,
MINNESOTA,HOUSTON,27055,SOUTHEAST,90,2021,7200,9100,40000,,,
MINNESOTA,HOUSTON,27055,SOUTHEAST,90,2022,7700,9200,41500,7406,18419,
MINNESOTA,HOUSTON,27055,SOUTHEAST,90,2023,7700,9100,40500,,,
MINNESOTA,HUBBARD,27057,NORTH CENTRAL,20,2010,3600,400,7200,,,
MINNESOTA,HUBBARD,27057,NORTH CENTRAL,20,2011,3400,400,7100,,,
MINNESOTA,HUBBARD,27057,NORTH CENTRAL,20,2012,3400,400,6900,133,181,12
MINNESOTA,HUBBARD,27057,NORTH CENTRAL,20,2013,3200,400,6000,,,
MINNESOTA,HUBBARD,27057,NORTH CENTRAL,20,2014,2900,400,5800,,,
MINNESOTA,HUBBARD,27057,NORTH CENTRAL,20,2015,2900,400,6200,,,
MINNESOTA,HUBBARD,27057,NORTH CENTRAL,20,2016,3000,400,6900,,,
MINNESOTA,HUBBARD,27057,NORTH CENTRAL,20,2017,3200,400,6900,,1052,65
MINNESOTA,HUBBARD,27057,NORTH CENTRAL,20,2018,3100,400,6900,,,
MINNESOTA,HUBBARD,27057,NORTH CENTRAL,20,2019,3200,400,6800,,,
MINNESOTA,HUBBARD,27057,NORTH CENTRAL,20,2020,3100,400,6600,,,
MINNESOTA,HUBBARD,27057,NORTH CENTRAL,20,2021,2900,400,6300,,,
MINNESOTA,HUBBARD,27057,NORTH CENTRAL,20,2022,3100,400,6500,,16,
MINNESOTA,HUBBARD,27057,NORTH CENTRAL,20,2023,3100,400,6400,,,
MINNESOTA,ISANTI,27059,EAST CENTRAL,60,2010,2000,1200,6600,,,
MINNESOTA,ISANTI,27059,EAST CENTRAL,60,2011,1900,1200,6500,,,
MINNESOTA,ISANTI,27059,EAST CENTRAL,60,2012,1900,1200,6300,1132,2771,
MINNESOTA,ISANTI,27059,EAST CENTRAL,60,2013,2400,1600,9400,,,
MINNESOTA,ISANTI,27059,EAST CENTRAL,60,2014,2200,1500,9000,,,
MINNESOTA,ISANTI,27059,EAST CENTRAL,60,2015,2200,1500,9100,,,
MINNESOTA,ISANTI,27059,EAST CENTRAL,60,2016,2200,1500,9900,,,
MINNESOTA,ISANTI,27059,EAST CENTRAL,60,2017,2400,1500,9800,733,,
MINNESOTA,ISANTI,27059,EAST CENTRAL,60,2018,,,7700,,,
MINNESOTA,ISANTI,27059,EAST CENTRAL,60,2019,,,7600,,,
MINNESOTA,ISANTI,27059,EAST CENTRAL,60,2020,,,7400,,,
MINNESOTA,ISANTI,27059,EAST CENTRAL,60,2021,,,7000,,,
MINNESOTA,ISANTI,27059,EAST CENTRAL,60,2022,,,7200,496,20543,
MINNESOTA,ISANTI,27059,EAST CENTRAL,60,2023,,,7100,,,
MINNESOTA,ITASCA,27061,NORTH CENTRAL,20,2010,3400,100,6300,,,
MINNESOTA,ITASCA,27061,NORTH CENTRAL,20,2011,3200,100,6200,,,
MINNESOTA,ITASCA,27061,NORTH CENTRAL,20,2012,3300,100,6000,188,187,
MINNESOTA,ITASCA,27061,NORTH CENTRAL,20,2013,3900,,7500,,,
MINNESOTA,ITASCA,27061,NORTH CENTRAL,20,2014,3500,,7100,,,
MINNESOTA,ITASCA,27061,NORTH CENTRAL,20,2015,3500,,6500,,,
MINNESOTA,ITASCA,27061,NORTH CENTRAL,20,2016,3400,,5800,,,
MINNESOTA,ITASCA,27061,NORTH CENTRAL,20,2017,2800,,5200,70,161,
MINNESOTA,ITASCA,27061,NORTH CENTRAL,20,2018,2600,,4600,,,
MINNESOTA,ITASCA,27061,NORTH CENTRAL,20,2019,2600,,4500,,,
MINNESOTA,ITASCA,27061,NORTH CENTRAL,20,2020,2600,,4400,,,
MINNESOTA,ITASCA,27061,NORTH CENTRAL,20,2021,2400,,4200,,,
MINNESOTA,ITASCA,27061,NORTH CENTRAL,20,2022,2500,,4300,,123,15
MINNESOTA,ITASCA,27061,NORTH CENTRAL,20,2023,2500,,4300,,,
MINNESOTA,JACKSON,27063,SOUTHWEST,70,2010,2500,500,14900,,,
MINNESOTA,JACKSON,27063,SOUTHWEST,70,2011,2400,500,14700,,,
MINNESOTA,JACKSON,27063,SOUTHWEST,70,2012,2400,500,14300,6247,245947,28
MINNESOTA,JACKSON,27063,SOUTHWEST,70,2013,,,10500,,,
MINNESOTA,JACKSON,27063,SOUTHWEST,70,2014,,,10100,,,
MINNESOTA,JACKSON,27063,SOUTHWEST,70,2015,,,11600,,,
MINNESOTA,JACKSON,27063,SOUTHWEST,70,2016,,,13100,,,
MINNESOTA,JACKSON,27063,SOUTHWEST,70,2017,,,14600,6540,278724,
MINNESOTA,JACKSON,27063,SOUTHWEST,70,2018,,,16100,,,
MINNESOTA,JACKSON,27063,SOUTHWEST,70,2019,,,16000,,,
MINNESOTA,JACKSON,27063,SOUTHWEST,70,2020,,,15500,,,
MINNESOTA,JACKSON,27063,SOUTHWEST,70,2021,,,14800,,,
MINNESOTA,JACKSON,27063,SOUTHWEST,70,2022,,,15200,3861,229617,
MINNESOTA,JACKSON,27063,SOUTHWEST,70,2023,,,15000,,,
MINNESOTA,KANABEC,27065,EAST CENTRAL,60,2010,5900,1700,15800,,,
MINNESOTA,KANABEC,27065,EAST CENTRAL,60,2011,5600,1700,15600,,,
MINNESOTA,KANABEC,27065,EAST CENTRAL,60,2012,5700,1700,15200,599,160,470
MINNESOTA,KANABEC,27065,EAST CENTRAL,60,2013,5200,1900,13700,,,
MINNESOTA,KANABEC,27065,EAST CENTRAL,60,2014,4700,1600,13100,,,
MINNESOTA,KANABEC,27065,EAST CENTRAL,60,2015,4700,1300,13300,,,
MINNESOTA,KANABEC,27065,EAST CENTRAL,60,2016,4700,1000,15500,,,
MINNESOTA,KANABEC,27065,EAST CENTRAL,60,2017,5100,700,14300,804,902,47
MINNESOTA,KANABEC,27065,EAST CENTRAL,60,2018,5000,400,11800,,,
MINNESOTA,KANABEC,27065,EAST CENTRAL,60,2019,5100,400,11700,,,
MINNESOTA,KANABEC,27065,EAST CENTRAL,60,2020,5000,400,11300,,,
MINNESOTA,KANABEC,27065,EAST CENTRAL,60,2021,4600,400,10800,,,
MINNESOTA,KANABEC,27065,EAST CENTRAL,60,2022,5000,400,11100,164,,22
MINNESOTA,KANABEC,27065,EAST CENTRAL,60,2023,5000,400,10900,,,
MINNESOTA,KANDIYOHI,27067,CENTRAL,50,2010,2900,6700,31500,,,
MINNESOTA,KANDIYOHI,27067,CENTRAL,50,2011,2800,6700,31000,,,
MINNESOTA,KANDIYOHI,27067,CENTRAL,50,2012,2800,6700,28000,2493,86583,2557432
MINNESOTA,KANDIYOHI,27067,CENTRAL,50,2013,2700,6600,24500,,,
MINNESOTA,KANDIYOHI,27067,CENTRAL,50,2014,2500,8100,25000,,,
MINNESOTA,KANDIYOHI,27067,CENTRAL,50,2015,2500,9700,30500,,,
MINNESOTA,KANDIYOHI,27067,CENTRAL,50,2016,2500,11200,38000,,,
MINNESOTA,KANDIYOHI,27067,CENTRAL,50,2017,3000,12800,41500,6374,85372,2294399
MINNESOTA,KANDIYOHI,27067,CENTRAL,50,2018,3500,14200,47000,,,
MINNESOTA,KANDIYOHI,27067,CENTRAL,50,2019,3600,14100,46500,,,
MINNESOTA,KANDIYOHI,27067,CENTRAL,50,2020,3500,13900,45500,,,
MINNESOTA,KANDIYOHI,27067,CENTRAL,50,2021,3200,14200,43000,,,
MINNESOTA,KANDIYOHI,27067,CENTRAL,50,2022,3500,14400,44500,1903,137155,2441677
MINNESOTA,KANDIYOHI,27067,CENTRAL,50,2023,3500,14200,43500,,,
MINNESOTA,KITTSON,27069,NORTHWEST,10,2010,,,12300,,,
MINNESOTA,KITTSON,27069,NORTHWEST,10,2011,,,12100,,,
MINNESOTA,KITTSON,27069,NORTHWEST,10,2012,,,11900,,,
MINNESOTA,KITTSON,27069,NORTHWEST,10,2013,,,11500,,,
MINNESOTA,KITTSON,27069,NORTHWEST,10,2014,,,11000,,,
MINNESOTA,KITTSON,27069,NORTHWEST,10,2015,,,11100,,,
MINNESOTA,KITTSON,27069,NORTHWEST,10,2016,,,12100,,,
MINNESOTA,KITTSON,27069,NORTHWEST,10,2017,,,12100,,,
MINNESOTA,KITTSON,27069,NORTHWEST,10,2018,,,11000,,,
MINNESOTA,KITTSON,27069,NORTHWEST,10,2019,,,10900,,,
MINNESOTA,KITTSON,27069,NORTHWEST,10,2020,,,10500,,,
MINNESOTA,KITTSON,27069,NORTHWEST,10,2021,,,10000,,,
MINNESOTA,KITTSON,27069,NORTHWEST,10,2022,,,10300,640,,
MINNESOTA,KITTSON,27069,NORTHWEST,10,2023,,,10200,,,
MINNESOTA,KOOCHICHING,27071,NORTH CENTRAL,20,2010,2300,300,4200,,,
MINNESOTA,KOOCHICHING,27071,NORTH CENTRAL,20,2011,2200,300,4200,,,
MINNESOTA,KOOCHICHING,27071,NORTH CENTRAL,20,2012,2200,300,4100,,52,
MINNESOTA,KOOCHICHING,27071,NORTH CENTRAL,20,2013,,,3600,,,
MINNESOTA,KOOCHICHING,27071,NORTH CENTRAL,20,2014,,,3400,,,
MINNESOTA,KOOCHICHING,27071,NORTH CENTRAL,20,2015,,,3500,,,
MINNESOTA,KOOCHICHING,27071,NORTH CENTRAL,20,2016,,,4000,,,
MINNESOTA,KOOCHICHING,27071,NORTH CENTRAL,20,2017,,,4000,,6,
MINNESOTA,KOOCHICHING,27071,NORTH CENTRAL,20,2018,2000,300,4000,,,
MINNESOTA,KOOCHICHING,27071,NORTH CENTRAL,20,2019,2000,300,3900,,,
MINNESOTA,KOOCHICHING,27071,NORTH CENTRAL,20,2020,2000,300,3800,,,
MINNESOTA,KOOCHICHING,27071,NORTH CENTRAL,20,2021,1800,300,3600,,,
MINNESOTA,KOOCHICHING,27071,NORTH CENTRAL,20,2022,2000,300,3700,,15,
MINNESOTA,KOOCHICHING,27071,NORTH CENTRAL,20,2023,2000,300,3700,,,
MINNESOTA,LAC QUI PARLE,27073,WEST CENTRAL,40,2010,5300,1000,15800,,,
MINNESOTA,LAC QUI PARLE,27073,WEST CENTRAL,40,2011,5000,1000,15600,,,
MINNESOTA,LAC QUI PARLE,27073,WEST CENTRAL,40,2012,5000,1000,15300,4507,97508,
MINNESOTA,LAC QUI PARLE,27073,WEST CENTRAL,40,2013,5900,400,14400,,,
MINNESOTA,LAC QUI PARLE,27073,WEST CENTRAL,40,2014,5400,400,13700,,,
MINNESOTA,LAC QUI PARLE,27073,WEST CENTRAL,40,2015,5400,400,13900,,,
MINNESOTA,LAC QUI PARLE,27073,WEST CENTRAL,40,2016,5400,300,15600,,,
MINNESOTA,LAC QUI PARLE,27073,WEST CENTRAL,40,2017,5800,300,15600,3072,148837,
MINNESOTA,LAC QUI PARLE,27073,WEST CENTRAL,40,2018,5500,600,15600,,,
MINNESOTA,LAC QUI PARLE,27073,WEST CENTRAL,40,2019,5500,600,15500,,,
MINNESOTA,LAC QUI PARLE,27073,WEST CENTRAL,40,2020,5500,600,15000,,,
MINNESOTA,LAC QUI PARLE,27073,WEST CENTRAL,40,2021,5000,600,14300,,,
MINNESOTA,LAC QUI PARLE,27073,WEST CENTRAL,40,2022,5400,600,14700,1404,159369,
MINNESOTA,LAC QUI PARLE,27073,WEST CENTRAL,40,2023,5400,600,14500,,,
MINNESOTA,LAKE,27075,NORTHEAST,30,2010,,,,,,
MINNESOTA,LAKE,27075,NORTHEAST,30,2011,,,,,,
MINNESOTA,LAKE,27075,NORTHEAST,30,2012,,,,,,
MINNESOTA,LAKE,27075,NORTHEAST,30,2013,,,,,,
MINNESOTA,LAKE,27075,NORTHEAST,30,2014,,,,,,
MINNESOTA,LAKE,27075,NORTHEAST,30,2015,,,,,,
MINNESOTA,LAKE,27075,NORTHEAST,30,2016,,,,,,
MINNESOTA,LAKE,27075,NORTHEAST,30,2017,,,,,21,11
MINNESOTA,LAKE,27075,NORTHEAST,30,2018,,,100,,,
MINNESOTA,LAKE,27075,NORTHEAST,30,2019,,,100,,,
MINNESOTA,LAKE,27075,NORTHEAST,30,2020,,,100,,,
MINNESOTA,LAKE,27075,NORTHEAST,30,2021,,,100,,,
MINNESOTA,LAKE,27075,NORTHEAST,30,2022,,,100,,,40
MINNESOTA,LAKE,27075,NORTHEAST,30,2023,,,100,,,
MINNESOTA,LAKE OF THE WOODS,27077,NORTH CENTRAL,20,2010,,,,,,
MINNESOTA,LAKE OF THE WOODS,27077,NORTH CENTRAL,20,2011,,,,,,
MINNESOTA,LAKE OF THE WOODS,27077,NORTH CENTRAL,20,2012,,,,,32,18
MINNESOTA,LAKE OF THE WOODS,27077,NORTH CENTRAL,20,2013,,,,,,
MINNESOTA,LAKE OF THE WOODS,27077,NORTH CENTRAL,20,2014,,,,,,
MINNESOTA,LAKE OF THE WOODS,27077,NORTH CENTRAL,20,2015,,,,,,
MINNESOTA,LAKE OF THE WOODS,27077,NORTH CENTRAL,20,2016,,,,,,
MINNESOTA,LAKE OF THE WOODS,27077,NORTH CENTRAL,20,2017,,,,,,9
MINNESOTA,LAKE OF THE WOODS,27077,NORTH CENTRAL,20,2018,800,,,,,
MINNESOTA,LAKE OF THE WOODS,27077,NORTH CENTRAL,20,2019,800,,,,,
MINNESOTA,LAKE OF THE WOODS,27077,NORTH CENTRAL,20,2020,800,,,,,
MINNESOTA,LAKE OF THE WOODS,27077,NORTH CENTRAL,20,2021,800,,,,,
MINNESOTA,LAKE OF THE WOODS,27077,NORTH CENTRAL,20,2022,800,,,,6,26
MINNESOTA,LAKE OF THE WOODS,27077,NORTH CENTRAL,20,2023,800,,,,,
MINNESOTA,LE SUEUR,27079,SOUTH CENTRAL,80,2010,2300,4000,20500,,,
MINNESOTA,LE SUEUR,27079,SOUTH CENTRAL,80,2011,2200,4000,20500,,,
MINNESOTA,LE SUEUR,27079,SOUTH CENTRAL,80,2012,2200,4000,19800,8273,135687,71046
MINNESOTA,LE SUEUR,27079,SOUTH CENTRAL,80,2013,1800,3600,20500,,,
MINNESOTA,LE SUEUR,27079,SOUTH CENTRAL,80,2014,1600,3600,19400,,,
MINNESOTA,LE SUEUR,27079,SOUTH CENTRAL,80,2015,1600,3500,17800,,,
MINNESOTA,LE SUEUR,27079,SOUTH CENTRAL,80,2016,1600,3500,16300,,,
MINNESOTA,LE SUEUR,27079,SOUTH CENTRAL,80,2017,1300,3500,14700,6006,98131,101014
MINNESOTA,LE SUEUR,27079,SOUTH CENTRAL,80,2018,1100,3000,13200,,,
MINNESOTA,LE SUEUR,27079,SOUTH CENTRAL,80,2019,1100,2900,13100,,,
MINNESOTA,LE SUEUR,27079,SOUTH CENTRAL,80,2020,1100,2900,12700,,,
MINNESOTA,LE SUEUR,27079,SOUTH CENTRAL,80,2021,1000,3000,12100,,,
MINNESOTA,LE SUEUR,27079,SOUTH CENTRAL,80,2022,1100,3000,12500,4785,109236,68794
MINNESOTA,LE SUEUR,27079,SOUTH CENTRAL,80,2023,1100,3000,12300,,,
MINNESOTA,LINCOLN,27081,SOUTHWEST,70,2010,5400,2900,28500,,,
MINNESOTA,LINCOLN,27081,SOUTHWEST,70,2011,5100,2900,28000,,,
MINNESOTA,LINCOLN,27081,SOUTHWEST,70,2012,5200,2900,25000,7171,93371,
MINNESOTA,LINCOLN,27081,SOUTHWEST,70,2013,6000,1900,21500,,,
MINNESOTA,LINCOLN,27081,SOUTHWEST,70,2014,5400,1900,20500,,,
MINNESOTA,LINCOLN,27081,SOUTHWEST,70,2015,5400,1900,21000,,,
MINNESOTA,LINCOLN,27081,SOUTHWEST,70,2016,5400,1800,23000,,,
MINNESOTA,LINCOLN,27081,SOUTHWEST,70,2017,5400,1800,22500,9949,118694,
MINNESOTA,LINCOLN,27081,SOUTHWEST,70,2018,5000,2000,22500,,,
MINNESOTA,LINCOLN,27081,SOUTHWEST,70,2019,5100,2000,22000,,,
MINNESOTA,LINCOLN,27081,SOUTHWEST,70,2020,5000,2000,21500,,,
MINNESOTA,LINCOLN,27081,SOUTHWEST,70,2021,4600,2000,20500,,,
MINNESOTA,LINCOLN,27081,SOUTHWEST,70,2022,5000,2000,21000,5233,131627,
MINNESOTA,LINCOLN,27081,SOUTHWEST,70,2023,5000,2000,21000,,,
MINNESOTA,LYON,27083,SOUTHWEST,70,2010,4800,1800,75000,,,
MINNESOTA,LYON,27083,SOUTHWEST,70,2011,4500,1800,73000,,,
MINNESOTA,LYON,27083,SOUTHWEST,70,2012,4600,1800,64000,32155,158742,643333
MINNESOTA,LYON,27083,SOUTHWEST,70,2013,4100,2700,54000,,,
MINNESOTA,LYON,27083,SOUTHWEST,70,2014,3700,2700,51000,,,
MINNESOTA,LYON,27083,SOUTHWEST,70,2015,3700,2600,52000,,,
MINNESOTA,LYON,27083,SOUTHWEST,70,2016,4700,2600,54000,,,
MINNESOTA,LYON,27083,SOUTHWEST,70,2017,5300,2600,56000,33003,251248,522333
MINNESOTA,LYON,27083,SOUTHWEST,70,2018,5900,1800,58000,,,
MINNESOTA,LYON,27083,SOUTHWEST,70,2019,5900,1800,57000,,,
MINNESOTA,LYON,27083,SOUTHWEST,70,2020,5900,1800,56000,,,
MINNESOTA,LYON,27083,SOUTHWEST,70,2021,5400,1800,53000,,,
MINNESOTA,LYON,27083,SOUTHWEST,70,2022,5800,1800,55000,42443,444988,506333
MINNESOTA,LYON,27083,SOUTHWEST,70,2023,5800,1800,54000,,,
MINNESOTA,MAHNOMEN,27087,NORTHWEST,10,2010,2200,800,6900,,,
MINNESOTA,MAHNOMEN,27087,NORTHWEST,10,2011,2100,800,6800,,,
MINNESOTA,MAHNOMEN,27087,NORTHWEST,10,2012,2200,800,6700,1326,243,
MINNESOTA,MAHNOMEN,27087,NORTHWEST,10,2013,,,6400,,,
MINNESOTA,MAHNOMEN,27087,NORTHWEST,10,2014,,,6100,,,
MINNESOTA,MAHNOMEN,27087,NORTHWEST,10,2015,,,6200,,,
MINNESOTA,MAHNOMEN,27087,NORTHWEST,10,2016,,,6700,,,
MINNESOTA,MAHNOMEN,27087,NORTHWEST,10,2017,,,6600,279,16,
MINNESOTA,MAHNOMEN,27087,NORTHWEST,10,2018,2200,400,5500,,,
MINNESOTA,MAHNOMEN,27087,NORTHWEST,10,2019,2200,400,5400,,,
MINNESOTA,MAHNOMEN,27087,NORTHWEST,10,2020,2200,300,5300,,,
MINNESOTA,MAHNOMEN,27087,NORTHWEST,10,2021,2000,400,5000,,,
MINNESOTA,MAHNOMEN,27087,NORTHWEST,10,2022,2100,400,5200,132,57,
MINNESOTA,MAHNOMEN,27087,NORTHWEST,10,2023,2100,400,5100,,,
MINNESOTA,MARSHALL,27089,NORTHWEST,10,2010,4900,1900,11800,,,
MINNESOTA,MARSHALL,27089,NORTHWEST,10,2011,4600,1900,11600,,,
MINNESOTA,MARSHALL,27089,NORTHWEST,10,2012,4700,1900,11400,265,62,
MINNESOTA,MARSHALL,27089,NORTHWEST,10,2013,4400,300,8100,,,
MINNESOTA,MARSHALL,27089,NORTHWEST,10,2014,4000,300,7700,,,
MINNESOTA,MARSHALL,27089,NORTHWEST,10,2015,4000,300,8400,,,
MINNESOTA,MARSHALL,27089,NORTHWEST,10,2016,5000,300,9200,,,
MINNESOTA,MARSHALL,27089,NORTHWEST,10,2017,5100,300,9900,341,,
MINNESOTA,MARSHALL,27089,NORTHWEST,10,2018,5400,300,10700,,,
MINNESOTA,MARSHALL,27089,NORTHWEST,10,2019,5500,300,10600,,,
MINNESOTA,MARSHALL,27089,NORTHWEST,10,2020,5400,300,10300,,,
MINNESOTA,MARSHALL,27089,NORTHWEST,10,2021,5000,300,9800,,,
MINNESOTA,MARSHALL,27089,NORTHWEST,10,2022,5300,300,10100,,9,
MINNESOTA,MARSHALL,27089,NORTHWEST,10,2023,5300,300,9900,,,
MINNESOTA,MARTIN,27091,SOUTH CENTRAL,80,2010,1500,900,21500,,,
MINNESOTA,MARTIN,27091,SOUTH CENTRAL,80,2011,1400,900,21500,,,
MINNESOTA,MARTIN,27091,SOUTH CENTRAL,80,2012,1400,900,21000,6093,812229,69404
MINNESOTA,MARTIN,27091,SOUTH CENTRAL,80,2013,1600,600,13000,,,
MINNESOTA,MARTIN,27091,SOUTH CENTRAL,80,2014,1400,500,12400,,,
MINNESOTA,MARTIN,27091,SOUTH CENTRAL,80,2015,1400,500,14600,,,
MINNESOTA,MARTIN,27091,SOUTH CENTRAL,80,2016,1400,500,16700,,,
MINNESOTA,MARTIN,27091,SOUTH CENTRAL,80,2017,1600,500,18900,11072,827589,102010
MINNESOTA,MARTIN,27091,SOUTH CENTRAL,80,2018,1700,500,21000,,,
MINNESOTA,MARTIN,27091,SOUTH CENTRAL,80,2019,1700,500,21000,,,
MINNESOTA,MARTIN,27091,SOUTH CENTRAL,80,2020,1700,400,20500,,,
MINNESOTA,MARTIN,27091,SOUTH CENTRAL,80,2021,1500,500,19400,,,
MINNESOTA,MARTIN,27091,SOUTH CENTRAL,80,2022,1600,500,19900,5727,845233,36
MINNESOTA,MARTIN,27091,SOUTH CENTRAL,80,2023,1600,500,19600,,,
MINNESOTA,MCLEOD,27085,CENTRAL,50,2010,2200,7600,28000,,,
MINNESOTA,MCLEOD,27085,CENTRAL,50,2011,2000,7600,27500,,,
MINNESOTA,MCLEOD,27085,CENTRAL,50,2012,2100,7500,27000,6055,9308,31
MINNESOTA,MCLEOD,27085,CENTRAL,50,2013,2000,8000,30500,,,
MINNESOTA,MCLEOD,27085,CENTRAL,50,2014,1900,7900,29000,,,
MINNESOTA,MCLEOD,27085,CENTRAL,50,2015,1900,7800,29500,,,
MINNESOTA,MCLEOD,27085,CENTRAL,50,2016,1900,7700,31000,,,
MINNESOTA,MCLEOD,27085,CENTRAL,50,2017,2000,7700,29500,4814,6901,129
MINNESOTA,MCLEOD,27085,CENTRAL,50,2018,1800,7300,26500,,,
MINNESOTA,MCLEOD,27085,CENTRAL,50,2019,1900,7200,26000,,,
MINNESOTA,MCLEOD,27085,CENTRAL,50,2020,1800,7200,25500,,,
MINNESOTA,MCLEOD,27085,CENTRAL,50,2021,1700,7300,24500,,,
MINNESOTA,MCLEOD,27085,CENTRAL,50,2022,1800,7400,25000,2955,7779,
MINNESOTA,MCLEOD,27085,CENTRAL,50,2023,1800,7300,24500,,,
MINNESOTA,MEEKER,27093,CENTRAL,50,2010,3000,7400,28000,,,
MINNESOTA,MEEKER,27093,CENTRAL,50,2011,2900,7400,27500,,,
MINNESOTA,MEEKER,27093,CENTRAL,50,2012,2900,7400,27000,7035,14522,
MINNESOTA,MEEKER,27093,CENTRAL,50,2013,2700,9600,35000,,,
MINNESOTA,MEEKER,27093,CENTRAL,50,2014,2400,9300,33500,,,
MINNESOTA,MEEKER,27093,CENTRAL,50,2015,2400,8900,34000,,,
MINNESOTA,MEEKER,27093,CENTRAL,50,2016,2400,8600,37000,,,
MINNESOTA,MEEKER,27093,CENTRAL,50,2017,2800,8200,36500,7743,5135,1041083
MINNESOTA,MEEKER,27093,CENTRAL,50,2018,2800,7900,30500,,,
MINNESOTA,MEEKER,27093,CENTRAL,50,2019,2800,7800,30500,,,
MINNESOTA,MEEKER,27093,CENTRAL,50,2020,2800,7700,29500,,,
MINNESOTA,MEEKER,27093,CENTRAL,50,2021,2500,7900,28000,,,
MINNESOTA,MEEKER,27093,CENTRAL,50,2022,2700,7900,29000,9551,1752,
MINNESOTA,MEEKER,27093,CENTRAL,50,2023,2700,7900,28500,,,
MINNESOTA,MILLE LACS,27095,EAST CENTRAL,60,2010,3800,3700,19500,,,
MINNESOTA,MILLE LACS,27095,EAST CENTRAL,60,2011,3600,3700,19200,,,
MINNESOTA,MILLE LACS,27095,EAST CENTRAL,60,2012,3600,3600,18800,474,462,34
MINNESOTA,MILLE LACS,27095,EAST CENTRAL,60,2013,3700,2400,17000,,,
MINNESOTA,MILLE LACS,27095,EAST CENTRAL,60,2014,3300,2400,16200,,,
MINNESOTA,MILLE LACS,27095,EAST CENTRAL,60,2015,3300,2300,16500,,,
MINNESOTA,MILLE LACS,27095,EAST CENTRAL,60,2016,3300,2300,18000,,,
MINNESOTA,MILLE LACS,27095,EAST CENTRAL,60,2017,3900,2300,17700,2336,589,129
MINNESOTA,MILLE LACS,27095,EAST CENTRAL,60,2018,3900,1600,17400,,,
MINNESOTA,MILLE LACS,27095,EAST CENTRAL,60,2019,3900,1600,17200,,,
MINNESOTA,MILLE LACS,27095,EAST CENTRAL,60,2020,3900,1600,16800,,,
MINNESOTA,MILLE LACS,27095,EAST CENTRAL,60,2021,3600,1600,16000,,,
MINNESOTA,MILLE LACS,27095,EAST CENTRAL,60,2022,3800,1700,16400,169,127,
MINNESOTA,MILLE LACS,27095,EAST CENTRAL,60,2023,3800,1600,16200,,,
MINNESOTA,MORRISON,27097,CENTRAL,50,2010,15900,25000,88000,,,
MINNESOTA,MORRISON,27097,CENTRAL,50,2011,15000,25000,86000,,,
MINNESOTA,MORRISON,27097,CENTRAL,50,2012,15200,25000,84000,8466,77871,1117300
MINNESOTA,MORRISON,27097,CENTRAL,50,2013,16000,28500,94000,,,
MINNESOTA,MORRISON,27097,CENTRAL,50,2014,14400,28000,89000,,,
MINNESOTA,MORRISON,27097,CENTRAL,50,2015,14400,27500,90000,,,
MINNESOTA,MORRISON,27097,CENTRAL,50,2016,14500,27500,89000,,,
MINNESOTA,MORRISON,27097,CENTRAL,50,2017,15300,27500,89000,9407,59080,1477183
MINNESOTA,MORRISON,27097,CENTRAL,50,2018,15300,27500,88000,,,
MINNESOTA,MORRISON,27097,CENTRAL,50,2019,15500,27500,87000,,,
MINNESOTA,MORRISON,27097,CENTRAL,50,2020,15300,27000,85000,,,
MINNESOTA,MORRISON,27097,CENTRAL,50,2021,14000,27500,81000,,,
MINNESOTA,MORRISON,27097,CENTRAL,50,2022,15100,28000,83000,9242,59596,961670
MINNESOTA,MORRISON,27097,CENTRAL,50,2023,15100,27500,82000,,,
MINNESOTA,MOWER,27099,SOUTHEAST,90,2010,3200,5000,30000,,,
MINNESOTA,MOWER,27099,SOUTHEAST,90,2011,3100,5000,29500,,,
MINNESOTA,MOWER,27099,SOUTHEAST,90,2012,3100,5000,29000,9512,330950,
MINNESOTA,MOWER,27099,SOUTHEAST,90,2013,3200,4300,28000,,,
MINNESOTA,MOWER,27099,SOUTHEAST,90,2014,2900,4300,27000,,,
MINNESOTA,MOWER,27099,SOUTHEAST,90,2015,2900,4200,27000,,,
MINNESOTA,MOWER,27099,SOUTHEAST,90,2016,2900,4200,30000,,,
MINNESOTA,MOWER,27099,SOUTHEAST,90,2017,2900,4100,30000,12776,307898,363016
MINNESOTA,MOWER,27099,SOUTHEAST,90,2018,2900,3500,30000,,,
MINNESOTA,MOWER,27099,SOUTHEAST,90,2019,2900,3400,29500,,,
MINNESOTA,MOWER,27099,SOUTHEAST,90,2020,2900,3400,28500,,,
MINNESOTA,MOWER,27099,SOUTHEAST,90,2021,2700,3500,27500,,,
MINNESOTA,MOWER,27099,SOUTHEAST,90,2022,2900,3500,28000,5363,237896,
MINNESOTA,MOWER,27099,SOUTHEAST,90,2023,2900,3500,27500,,,
MINNESOTA,MURRAY,27101,SOUTHWEST,70,2010,6000,4600,48000,,,
MINNESOTA,MURRAY,27101,SOUTHWEST,70,2011,5700,4600,47000,,,
MINNESOTA,MURRAY,27101,SOUTHWEST,70,2012,5700,4600,46000,20163,140599,
MINNESOTA,MURRAY,27101,SOUTHWEST,70,2013,5500,3300,48500,,,
MINNESOTA,MURRAY,27101,SOUTHWEST,70,2014,5000,3300,46500,,,
MINNESOTA,MURRAY,27101,SOUTHWEST,70,2015,5000,3200,47000,,,
MINNESOTA,MURRAY,27101,SOUTHWEST,70,2016,5000,3200,54000,,,
MINNESOTA,MURRAY,27101,SOUTHWEST,70,2017,5500,3200,54000,22026,205046,
MINNESOTA,MURRAY,27101,SOUTHWEST,70,2018,5000,3700,53000,,,
MINNESOTA,MURRAY,27101,SOUTHWEST,70,2019,5100,3700,53000,,,
MINNESOTA,MURRAY,27101,SOUTHWEST,70,2020,5000,3700,52000,,,
MINNESOTA,MURRAY,27101,SOUTHWEST,70,2021,4600,3700,49000,,,
MINNESOTA,MURRAY,27101,SOUTHWEST,70,2022,4900,3800,50000,18964,198432,
MINNESOTA,MURRAY,27101,SOUTHWEST,70,2023,4900,3700,49500,,,
MINNESOTA,NICOLLET,27103,SOUTH CENTRAL,80,2010,700,7100,25000,,,
MINNESOTA,NICOLLET,27103,SOUTH CENTRAL,80,2011,600,7100,24500,,,
MINNESOTA,NICOLLET,27103,SOUTH CENTRAL,80,2012,600,7100,24000,6218,268330,
MINNESOTA,NICOLLET,27103,SOUTH CENTRAL,80,2013,1200,11300,29500,,,
MINNESOTA,NICOLLET,27103,SOUTH CENTRAL,80,2014,1100,11200,28000,,,
MINNESOTA,NICOLLET,27103,SOUTH CENTRAL,80,2015,1100,11000,28500,,,
MINNESOTA,NICOLLET,27103,SOUTH CENTRAL,80,2016,1100,10900,30500,,,
MINNESOTA,NICOLLET,27103,SOUTH CENTRAL,80,2017,1200,10900,30500,4316,267990,
MINNESOTA,NICOLLET,27103,SOUTH CENTRAL,80,2018,1100,11500,26500,,,
MINNESOTA,NICOLLET,27103,SOUTH CENTRAL,80,2019,1100,11400,26500,,,
MINNESOTA,NICOLLET,27103,SOUTH CENTRAL,80,2020,1100,11200,25500,,,
MINNESOTA,NICOLLET,27103,SOUTH CENTRAL,80,2021,1000,11500,24500,,,
MINNESOTA,NICOLLET,27103,SOUTH CENTRAL,80,2022,1100,11600,25000,2894,405026,5
MINNESOTA,NICOLLET,27103,SOUTH CENTRAL,80,2023,1100,11500,25000,,,
MINNESOTA,NOBLES,27105,SOUTHWEST,70,2010,3700,5200,68000,,,
MINNESOTA,NOBLES,27105,SOUTHWEST,70,2011,3500,5200,67000,,,
MINNESOTA,NOBLES,27105,SOUTHWEST,70,2012,3500,5100,73000,38434,323679,
MINNESOTA,NOBLES,27105,SOUTHWEST,70,2013,3000,6100,79000,,,
MINNESOTA,NOBLES,27105,SOUTHWEST,70,2014,2700,6000,75000,,,
MINNESOTA,NOBLES,27105,SOUTHWEST,70,2015,2700,5900,80000,,,
MINNESOTA,NOBLES,27105,SOUTHWEST,70,2016,3700,5900,86000,,,
MINNESOTA,NOBLES,27105,SOUTHWEST,70,2017,4400,5900,89000,44897,393029,186011
MINNESOTA,NOBLES,27105,SOUTHWEST,70,2018,5000,6500,93000,,,
MINNESOTA,NOBLES,27105,SOUTHWEST,70,2019,5100,6500,92000,,,
MINNESOTA,NOBLES,27105,SOUTHWEST,70,2020,5000,6400,90000,,,
MINNESOTA,NOBLES,27105,SOUTHWEST,70,2021,4600,6500,85000,,,
MINNESOTA,NOBLES,27105,SOUTHWEST,70,2022,5000,6600,88000,44392,504733,
MINNESOTA,NOBLES,27105,SOUTHWEST,70,2023,5000,6500,86000,,,
MINNESOTA,NORMAN,27107,NORTHWEST,10,2010,2300,1700,7300,,,
MINNESOTA,NORMAN,27107,NORTHWEST,10,2011,2200,1700,7200,,,
MINNESOTA,NORMAN,27107,NORTHWEST,10,2012,2200,1700,7100,755,7070,
MINNESOTA,NORMAN,27107,NORTHWEST,10,2013,1900,400,6800,,,
MINNESOTA,NORMAN,27107,NORTHWEST,10,2014,1700,400,6500,,,
MINNESOTA,NORMAN,27107,NORTHWEST,10,2015,1700,400,5800,,,
MINNESOTA,NORMAN,27107,NORTHWEST,10,2016,1700,400,5100,,,
MINNESOTA,NORMAN,27107,NORTHWEST,10,2017,1900,400,4400,147,,
MINNESOTA,NORMAN,27107,NORTHWEST,10,2018,1700,,3700,,,
MINNESOTA,NORMAN,27107,NORTHWEST,10,2019,1700,,3700,,,
MINNESOTA,NORMAN,27107,NORTHWEST,10,2020,1700,,3600,,,
MINNESOTA,NORMAN,27107,NORTHWEST,10,2021,1500,,3400,,,
MINNESOTA,NORMAN,27107,NORTHWEST,10,2022,1600,100,3500,,,
MINNESOTA,NORMAN,27107,NORTHWEST,10,2023,1600,,3500,,,
MINNESOTA,OLMSTED,27109,SOUTHEAST,90,2010,9300,8600,43000,,,
MINNESOTA,OLMSTED,27109,SOUTHEAST,90,2011,8800,8600,42000,,,
MINNESOTA,OLMSTED,27109,SOUTHEAST,90,2012,8900,8500,41000,9052,45300,
MINNESOTA,OLMSTED,27109,SOUTHEAST,90,2013,8600,9900,43000,,,
MINNESOTA,OLMSTED,27109,SOUTHEAST,90,2014,7800,9900,41000,,,
MINNESOTA,OLMSTED,27109,SOUTHEAST,90,2015,7800,9700,41500,,,
MINNESOTA,OLMSTED,27109,SOUTHEAST,90,2016,7800,9800,45000,,,
MINNESOTA,OLMSTED,27109,SOUTHEAST,90,2017,8200,10000,44500,7929,23691,
MINNESOTA,OLMSTED,27109,SOUTHEAST,90,2018,8000,10600,44500,,,
MINNESOTA,OLMSTED,27109,SOUTHEAST,90,2019,8100,10500,44000,,,
MINNESOTA,OLMSTED,27109,SOUTHEAST,90,2020,8000,10400,43000,,,
MINNESOTA,OLMSTED,27109,SOUTHEAST,90,2021,7300,10600,40500,,,
MINNESOTA,OLMSTED,27109,SOUTHEAST,90,2022,7900,10700,42000,8988,37041,
MINNESOTA,OLMSTED,27109,SOUTHEAST,90,2023,7900,10600,41500,,,
MINNESOTA,OTTER TAIL,27111,WEST CENTRAL,40,2010,17200,22000,88000,,,
MINNESOTA,OTTER TAIL,27111,WEST CENTRAL,40,2011,16300,22000,87000,,,
MINNESOTA,OTTER TAIL,27111,WEST CENTRAL,40,2012,16600,21500,85000,8092,35547,1505819
MINNESOTA,OTTER TAIL,27111,WEST CENTRAL,40,2013,18400,16700,93000,,,
MINNESOTA,OTTER TAIL,27111,WEST CENTRAL,40,2014,16700,16200,89000,,,
MINNESOTA,OTTER TAIL,27111,WEST CENTRAL,40,2015,16700,15800,87000,,,
MINNESOTA,OTTER TAIL,27111,WEST CENTRAL,40,2016,17700,15300,83000,,,
MINNESOTA,OTTER TAIL,27111,WEST CENTRAL,40,2017,17900,14800,81000,4257,11746,831000
MINNESOTA,OTTER TAIL,27111,WEST CENTRAL,40,2018,17900,14300,79000,,,
MINNESOTA,OTTER TAIL,27111,WEST CENTRAL,40,2019,18200,14100,78000,,,
MINNESOTA,OTTER TAIL,27111,WEST CENTRAL,40,2020,17900,13900,76000,,,
MINNESOTA,OTTER TAIL,27111,WEST CENTRAL,40,2021,16500,14300,72000,,,
MINNESOTA,OTTER TAIL,27111,WEST CENTRAL,40,2022,17700,14400,74000,5635,599,880267
MINNESOTA,OTTER TAIL,27111,WEST CENTRAL,40,2023,17700,14300,73000,,,
MINNESOTA,PENNINGTON,27113,NORTHWEST,10,2010,3500,300,8700,,,
MINNESOTA,PENNINGTON,27113,NORTHWEST,10,2011,3300,300,8600,,,
MINNESOTA,PENNINGTON,27113,NORTHWEST,10,2012,3300,300,8400,146,,
MINNESOTA,PENNINGTON,27113,NORTHWEST,10,2013,3700,100,10500,,,
MINNESOTA,PENNINGTON,27113,NORTHWEST,10,2014,3400,100,10000,,,
MINNESOTA,PENNINGTON,27113,NORTHWEST,10,2015,3400,100,10200,,,
MINNESOTA,PENNINGTON,27113,NORTHWEST,10,2016,3400,100,11100,,,
MINNESOTA,PENNINGTON,27113,NORTHWEST,10,2017,4400,100,10900,204,,
MINNESOTA,PENNINGTON,27113,NORTHWEST,10,2018,4400,,8700,,,
MINNESOTA,PENNINGTON,27113,NORTHWEST,10,2019,4400,,8600,,,
MINNESOTA,PENNINGTON,27113,NORTHWEST,10,2020,4400,,8400,,,
MINNESOTA,PENNINGTON,27113,NORTHWEST,10,2021,4000,,8000,,,
MINNESOTA,PENNINGTON,27113,NORTHWEST,10,2022,4300,,8200,483,,14
MINNESOTA,PENNINGTON,27113,NORTHWEST,10,2023,4300,,8100,,,
MINNESOTA,PINE,27115,EAST CENTRAL,60,2010,9200,5200,29000,,,
MINNESOTA,PINE,27115,EAST CENTRAL,60,2011,8700,5200,28500,,,
MINNESOTA,PINE,27115,EAST CENTRAL,60,2012,8900,5100,28000,1719,265,65
MINNESOTA,PINE,27115,EAST CENTRAL,60,2013,8700,4600,28000,,,
MINNESOTA,PINE,27115,EAST CENTRAL,60,2014,7900,4500,26500,,,
MINNESOTA,PINE,27115,EAST CENTRAL,60,2015,7900,4400,25000,,,
MINNESOTA,PINE,27115,EAST CENTRAL,60,2016,7900,4400,24000,,,
MINNESOTA,PINE,27115,EAST CENTRAL,60,2017,7400,4400,22500,670,207,206
MINNESOTA,PINE,27115,EAST CENTRAL,60,2018,7100,3700,21000,,,
MINNESOTA,PINE,27115,EAST CENTRAL,60,2019,7200,3600,21000,,,
MINNESOTA,PINE,27115,EAST CENTRAL,60,2020,7100,3600,20500,,,
MINNESOTA,PINE,27115,EAST CENTRAL,60,2021,6500,3700,19300,,,
MINNESOTA,PINE,27115,EAST CENTRAL,60,2022,7000,3700,19900,2221,202,109
MINNESOTA,PINE,27115,EAST CENTRAL,60,2023,7000,3700,19600,,,
MINNESOTA,PIPESTONE,27117,SOUTHWEST,70,2010,8000,4700,42000,,,
MINNESOTA,PIPESTONE,27117,SOUTHWEST,70,2011,7500,4700,41500,,,
MINNESOTA,PIPESTONE,27117,SOUTHWEST,70,2012,7600,4700,47500,18215,267097,
MINNESOTA,PIPESTONE,27117,SOUTHWEST,70,2013,10000,4800,54000,,,
MINNESOTA,PIPESTONE,27117,SOUTHWEST,70,2014,9100,5200,51000,,,
MINNESOTA,PIPESTONE,27117,SOUTHWEST,70,2015,9100,5600,52000,,,
MINNESOTA,PIPESTONE,27117,SOUTHWEST,70,2016,9100,6100,56000,,,
MINNESOTA,PIPESTONE,27117,SOUTHWEST,70,2017,9100,6500,57000,22403,361314,
MINNESOTA,PIPESTONE,27117,SOUTHWEST,70,2018,9100,6900,60000,,,
MINNESOTA,PIPESTONE,27117,SOUTHWEST,70,2019,9200,6800,59000,,,
MINNESOTA,PIPESTONE,27117,SOUTHWEST,70,2020,9100,6700,58000,,,
MINNESOTA,PIPESTONE,27117,SOUTHWEST,70,2021,8400,6900,55000,,,
MINNESOTA,PIPESTONE,27117,SOUTHWEST,70,2022,9000,6900,56000,23524,303763,
MINNESOTA,PIPESTONE,27117,SOUTHWEST,70,2023,9000,6900,56000,,,
MINNESOTA,POLK,27119,NORTHWEST,10,2010,8100,1900,21000,,,
MINNESOTA,POLK,27119,NORTHWEST,10,2011,7700,1900,21000,,,
MINNESOTA,POLK,27119,NORTHWEST,10,2012,7800,1900,16300,507,17637,
MINNESOTA,POLK,27119,NORTHWEST,10,2013,6000,1100,12100,,,
MINNESOTA,POLK,27119,NORTHWEST,10,2014,5400,1100,11500,,,
MINNESOTA,POLK,27119,NORTHWEST,10,2015,5400,1100,12100,,,
MINNESOTA,POLK,27119,NORTHWEST,10,2016,5400,1100,12600,,,
MINNESOTA,POLK,27119,NORTHWEST,10,2017,5900,1100,13200,,18081,
MINNESOTA,POLK,27119,NORTHWEST,10,2018,5800,1500,13800,,,
MINNESOTA,POLK,27119,NORTHWEST,10,2019,5900,1500,13700,,,
MINNESOTA,POLK,27119,NORTHWEST,10,2020,5900,1400,13300,,,
MINNESOTA,POLK,27119,NORTHWEST,10,2021,5400,1500,12600,,,
MINNESOTA,POLK,27119,NORTHWEST,10,2022,5800,1500,13000,892,1862,74
MINNESOTA,POLK,27119,NORTHWEST,10,2023,5800,1500,12800,,,
MINNESOTA,POPE,27121,WEST CENTRAL,40,2010,4800,5300,30500,,,
MINNESOTA,POPE,27121,WEST CENTRAL,40,2011,4600,5300,30000,,,
MINNESOTA,POPE,27121,WEST CENTRAL,40,2012,4600,5200,29500,3674,76913,
MINNESOTA,POPE,27121,WEST CENTRAL,40,2013,4700,4900,25500,,,
MINNESOTA,POPE,27121,WEST CENTRAL,40,2014,4300,4600,24500,,,
MINNESOTA,POPE,27121,WEST CENTRAL,40,2015,4300,4300,24500,,,
MINNESOTA,POPE,27121,WEST CENTRAL,40,2016,5300,4000,27500,,,
MINNESOTA,POPE,27121,WEST CENTRAL,40,2017,5700,3700,27000,7683,104433,
MINNESOTA,POPE,27121,WEST CENTRAL,40,2018,6100,3400,27500,,,
MINNESOTA,POPE,27121,WEST CENTRAL,40,2019,6200,3400,27000,,,
MINNESOTA,POPE,27121,WEST CENTRAL,40,2020,6100,3300,26500,,,
MINNESOTA,POPE,27121,WEST CENTRAL,40,2021,5600,3400,25000,,,
MINNESOTA,POPE,27121,WEST CENTRAL,40,2022,6000,3500,25500,4578,68364,
MINNESOTA,POPE,27121,WEST CENTRAL,40,2023,6000,3400,25500,,,
MINNESOTA,RAMSEY,27123,EAST CENTRAL,60,2010,,,,,,
MINNESOTA,RAMSEY,27123,EAST CENTRAL,60,2011,,,,,,
MINNESOTA,RAMSEY,27123,EAST CENTRAL,60,2012,,,,,,
MINNESOTA,RAMSEY,27123,EAST CENTRAL,60,2013,,,,,,
MINNESOTA,RAMSEY,27123,EAST CENTRAL,60,2014,,,,,,
MINNESOTA,RAMSEY,27123,EAST CENTRAL,60,2015,,,,,,
MINNESOTA,RAMSEY,27123,EAST CENTRAL,60,2016,,,,,,
MINNESOTA,RAMSEY,27123,EAST CENTRAL,60,2017,,,,,,
MINNESOTA,RAMSEY,27123,EAST CENTRAL,60,2018,,,,,,
MINNESOTA,RAMSEY,27123,EAST CENTRAL,60,2019,,,,,,
MINNESOTA,RAMSEY,27123,EAST CENTRAL,60,2020,,,,,,
MINNESOTA,RAMSEY,27123,EAST CENTRAL,60,2021,,,,,,
MINNESOTA,RAMSEY,27123,EAST CENTRAL,60,2022,,,,,,
MINNESOTA,RAMSEY,27123,EAST CENTRAL,60,2023,,,,,,
MINNESOTA,RED LAKE,27125,NORTHWEST,10,2010,3400,1100,9100,,,
MINNESOTA,RED LAKE,27125,NORTHWEST,10,2011,3200,1100,9000,,,
MINNESOTA,RED LAKE,27125,NORTHWEST,10,2012,3300,1100,8800,1310,,
MINNESOTA,RED LAKE,27125,NORTHWEST,10,2013,3200,800,10300,,,
MINNESOTA,RED LAKE,27125,NORTHWEST,10,2014,2900,700,9800,,,
MINNESOTA,RED LAKE,27125,NORTHWEST,10,2015,2900,800,9000,,,
MINNESOTA,RED LAKE,27125,NORTHWEST,10,2016,2900,700,8100,,,
MINNESOTA,RED LAKE,27125,NORTHWEST,10,2017,2900,700,7300,,,
MINNESOTA,RED LAKE,27125,NORTHWEST,10,2018,,,6500,,,
MINNESOTA,RED LAKE,27125,NORTHWEST,10,2019,,,6400,,,
MINNESOTA,RED LAKE,27125,NORTHWEST,10,2020,,,6200,,,
MINNESOTA,RED LAKE,27125,NORTHWEST,10,2021,,,5900,,,
MINNESOTA,RED LAKE,27125,NORTHWEST,10,2022,,,6100,1513,,
MINNESOTA,RED LAKE,27125,NORTHWEST,10,2023,,,6000,,,
MINNESOTA,REDWOOD,27127,SOUTHWEST,70,2010,4700,1900,51000,,,
MINNESOTA,REDWOOD,27127,SOUTHWEST,70,2011,4400,1900,50000,,,
MINNESOTA,REDWOOD,27127,SOUTHWEST,70,2012,4500,1900,39000,15606,179776,336506
MINNESOTA,REDWOOD,27127,SOUTHWEST,70,2013,5600,1200,28500,,,
MINNESOTA,REDWOOD,27127,SOUTHWEST,70,2014,5000,1200,28500,,,
MINNESOTA,REDWOOD,27127,SOUTHWEST,70,2015,5000,1200,33000,,,
MINNESOTA,REDWOOD,27127,SOUTHWEST,70,2016,5000,1100,38000,,,
MINNESOTA,REDWOOD,27127,SOUTHWEST,70,2017,4500,1100,42000,27009,197170,552612
MINNESOTA,REDWOOD,27127,SOUTHWEST,70,2018,4200,1700,47000,,,
MINNESOTA,REDWOOD,27127,SOUTHWEST,70,2019,4200,1600,46000,,,
MINNESOTA,REDWOOD,27127,SOUTHWEST,70,2020,4200,1600,45000,,,
MINNESOTA,REDWOOD,27127,SOUTHWEST,70,2021,3800,1700,43000,,,
MINNESOTA,REDWOOD,27127,SOUTHWEST,70,2022,4100,1700,44000,35028,352676,350724
MINNESOTA,REDWOOD,27127,SOUTHWEST,70,2023,4100,1700,43500,,,
MINNESOTA,RENVILLE,27129,CENTRAL,50,2010,1700,2900,25500,,,
MINNESOTA,RENVILLE,27129,CENTRAL,50,2011,1600,2900,25000,,,
MINNESOTA,RENVILLE,27129,CENTRAL,50,2012,1700,2900,29000,16654,280943,79162
MINNESOTA,RENVILLE,27129,CENTRAL,50,2013,2000,2400,33000,,,
MINNESOTA,RENVILLE,27129,CENTRAL,50,2014,1800,2400,31500,,,
MINNESOTA,RENVILLE,27129,CENTRAL,50,2015,1800,2300,30000,,,
MINNESOTA,RENVILLE,27129,CENTRAL,50,2016,1800,2300,28500,,,
MINNESOTA,RENVILLE,27129,CENTRAL,50,2017,2000,2300,27000,15477,313786,272511
MINNESOTA,RENVILLE,27129,CENTRAL,50,2018,1600,2800,25500,,,
MINNESOTA,RENVILLE,27129,CENTRAL,50,2019,1600,2800,25500,,,
MINNESOTA,RENVILLE,27129,CENTRAL,50,2020,1600,2800,24500,,,
MINNESOTA,RENVILLE,27129,CENTRAL,50,2021,1400,2800,23500,,,
MINNESOTA,RENVILLE,27129,CENTRAL,50,2022,1500,2900,24000,17145,253395,198652
MINNESOTA,RENVILLE,27129,CENTRAL,50,2023,1500,2800,24000,,,
MINNESOTA,RICE,27131,SOUTH CENTRAL,80,2010,3300,6400,23500,,,
MINNESOTA,RICE,27131,SOUTH CENTRAL,80,2011,3200,6400,23000,,,
MINNESOTA,RICE,27131,SOUTH CENTRAL,80,2012,3200,6300,22500,1705,62285,506109
MINNESOTA,RICE,27131,SOUTH CENTRAL,80,2013,4000,6800,24000,,,
MINNESOTA,RICE,27131,SOUTH CENTRAL,80,2014,3600,6700,23000,,,
MINNESOTA,RICE,27131,SOUTH CENTRAL,80,2015,3600,6600,23500,,,
MINNESOTA,RICE,27131,SOUTH CENTRAL,80,2016,3600,6600,25500,,,
MINNESOTA,RICE,27131,SOUTH CENTRAL,80,2017,3100,6500,24500,2242,167191,387497
MINNESOTA,RICE,27131,SOUTH CENTRAL,80,2018,2800,6000,20500,,,
MINNESOTA,RICE,27131,SOUTH CENTRAL,80,2019,2900,5900,20500,,,
MINNESOTA,RICE,27131,SOUTH CENTRAL,80,2020,2800,5900,19800,,,
MINNESOTA,RICE,27131,SOUTH CENTRAL,80,2021,2600,6000,18900,,,
MINNESOTA,RICE,27131,SOUTH CENTRAL,80,2022,2800,6100,19400,1808,149572,483223
MINNESOTA,RICE,27131,SOUTH CENTRAL,80,2023,2800,6000,19100,,,
MINNESOTA,ROCK,27133,SOUTHWEST,70,2010,6800,3100,76000,,,
MINNESOTA,ROCK,27133,SOUTHWEST,70,2011,6400,3100,75000,,,
MINNESOTA,ROCK,27133,SOUTHWEST,70,2012,6500,3000,73000,36821,291435,102
MINNESOTA,ROCK,27133,SOUTHWEST,70,2013,7200,3000,71000,,,
MINNESOTA,ROCK,27133,SOUTHWEST,70,2014,6500,2900,70000,,,
MINNESOTA,ROCK,27133,SOUTHWEST,70,2015,6500,2900,77000,,,
MINNESOTA,ROCK,27133,SOUTHWEST,70,2016,6400,3100,85000,,,
MINNESOTA,ROCK,27133,SOUTHWEST,70,2017,6000,3400,88000,49782,299729,
MINNESOTA,ROCK,27133,SOUTHWEST,70,2018,5500,3900,94000,,,
MINNESOTA,ROCK,27133,SOUTHWEST,70,2019,5600,3800,93000,,,
MINNESOTA,ROCK,27133,SOUTHWEST,70,2020,5500,3800,91000,,,
MINNESOTA,ROCK,27133,SOUTHWEST,70,2021,5100,3900,87000,,,
MINNESOTA,ROCK,27133,SOUTHWEST,70,2022,5400,3900,89000,48852,400859,
MINNESOTA,ROCK,27133,SOUTHWEST,70,2023,5400,3900,88000,,,
MINNESOTA,ROSEAU,27135,NORTHWEST,10,2010,7600,1500,18100,,,
MINNESOTA,ROSEAU,27135,NORTHWEST,10,2011,7200,1500,17900,,,
MINNESOTA,ROSEAU,27135,NORTHWEST,10,2012,7300,1400,17400,667,8529,238668
MINNESOTA,ROSEAU,27135,NORTHWEST,10,2013,7200,1500,16600,,,
MINNESOTA,ROSEAU,27135,NORTHWEST,10,2014,6500,1500,15800,,,
MINNESOTA,ROSEAU,27135,NORTHWEST,10,2015,6500,1400,16100,,,
MINNESOTA,ROSEAU,27135,NORTHWEST,10,2016,6600,1400,17500,,,
MINNESOTA,ROSEAU,27135,NORTHWEST,10,2017,7600,1400,17300,509,33,253000
MINNESOTA,ROSEAU,27135,NORTHWEST,10,2018,7600,800,16100,,,
MINNESOTA,ROSEAU,27135,NORTHWEST,10,2019,7700,800,16000,,,
MINNESOTA,ROSEAU,27135,NORTHWEST,10,2020,7600,800,15500,,,
MINNESOTA,ROSEAU,27135,NORTHWEST,10,2021,7000,800,14800,,,
MINNESOTA,ROSEAU,27135,NORTHWEST,10,2022,7500,800,15200,888,13262,
MINNESOTA,ROSEAU,27135,NORTHWEST,10,2023,7500,800,15000,,,
MINNESOTA,SCOTT,27139,CENTRAL,50,2010,1600,5100,18400,,,
MINNESOTA,SCOTT,27139,CENTRAL,50,2011,1500,5100,18100,,,
MINNESOTA,SCOTT,27139,CENTRAL,50,2012,1500,5100,17700,5085,15487,226
MINNESOTA,SCOTT,27139,CENTRAL,50,2013,1700,5400,22500,,,
MINNESOTA,SCOTT,27139,CENTRAL,50,2014,1600,5000,21500,,,
MINNESOTA,SCOTT,27139,CENTRAL,50,2015,1600,4600,19900,,,
MINNESOTA,SCOTT,27139,CENTRAL,50,2016,1600,4100,18400,,,
MINNESOTA,SCOTT,27139,CENTRAL,50,2017,1800,3700,16800,4151,,96
MINNESOTA,SCOTT,27139,CENTRAL,50,2018,1800,3300,15400,,,
MINNESOTA,SCOTT,27139,CENTRAL,50,2019,1800,3300,15300,,,
MINNESOTA,SCOTT,27139,CENTRAL,50,2020,1800,3200,14800,,,
MINNESOTA,SCOTT,27139,CENTRAL,50,2021,1600,3300,14100,,,
MINNESOTA,SCOTT,27139,CENTRAL,50,2022,1700,3300,14400,2016,,104
MINNESOTA,SCOTT,27139,CENTRAL,50,2023,1700,3300,14200,,,
MINNESOTA,SHERBURNE,27141,CENTRAL,50,2010,1300,500,9800,,,
MINNESOTA,SHERBURNE,27141,CENTRAL,50,2011,1200,500,9700,,,
MINNESOTA,SHERBURNE,27141,CENTRAL,50,2012,1200,500,9500,6280,8635,74
MINNESOTA,SHERBURNE,27141,CENTRAL,50,2013,700,700,10100,,,
MINNESOTA,SHERBURNE,27141,CENTRAL,50,2014,600,700,9600,,,
MINNESOTA,SHERBURNE,27141,CENTRAL,50,2015,600,700,9800,,,
MINNESOTA,SHERBURNE,27141,CENTRAL,50,2016,600,700,10700,,,
MINNESOTA,SHERBURNE,27141,CENTRAL,50,2017,800,700,10200,4173,,36
MINNESOTA,SHERBURNE,27141,CENTRAL,50,2018,800,700,9000,,,
MINNESOTA,SHERBURNE,27141,CENTRAL,50,2019,800,700,8900,,,
MINNESOTA,SHERBURNE,27141,CENTRAL,50,2020,800,700,8700,,,
MINNESOTA,SHERBURNE,27141,CENTRAL,50,2021,700,700,8300,,,
MINNESOTA,SHERBURNE,27141,CENTRAL,50,2022,800,700,8500,4315,,67
MINNESOTA,SHERBURNE,27141,CENTRAL,50,2023,800,700,8400,,,
MINNESOTA,SIBLEY,27143,CENTRAL,50,2010,2700,7600,31500,,,
MINNESOTA,SIBLEY,27143,CENTRAL,50,2011,2500,7600,31000,,,
MINNESOTA,SIBLEY,27143,CENTRAL,50,2012,2600,7600,30500,9901,105238,69
MINNESOTA,SIBLEY,27143,CENTRAL,50,2013,2700,8600,32500,,,
MINNESOTA,SIBLEY,27143,CENTRAL,50,2014,2400,8300,31000,,,
MINNESOTA,SIBLEY,27143,CENTRAL,50,2015,2400,8000,32500,,,
MINNESOTA,SIBLEY,27143,CENTRAL,50,2016,2900,7800,34500,,,
MINNESOTA,SIBLEY,27143,CENTRAL,50,2017,3100,7500,34500,12828,106688,
MINNESOTA,SIBLEY,27143,CENTRAL,50,2018,3600,7100,34500,,,
MINNESOTA,SIBLEY,27143,CENTRAL,50,2019,3600,7100,34000,,,
MINNESOTA,SIBLEY,27143,CENTRAL,50,2020,3600,7000,33000,,,
MINNESOTA,SIBLEY,27143,CENTRAL,50,2021,3300,7100,31500,,,
MINNESOTA,SIBLEY,27143,CENTRAL,50,2022,3500,7200,32500,5268,79804,76
MINNESOTA,SIBLEY,27143,CENTRAL,50,2023,3500,7100,32000,,,
MINNESOTA,ST. LOUIS,27137,NORTHEAST,30,2010,4000,1300,10400,,,
MINNESOTA,ST. LOUIS,27137,NORTHEAST,30,2011,3800,1300,10300,,,
MINNESOTA,ST. LOUIS,27137,NORTHEAST,30,2012,3900,1300,10100,,376,342
MINNESOTA,ST. LOUIS,27137,NORTHEAST,30,2013,4300,1200,10200,,,
MINNESOTA,ST. LOUIS,27137,NORTHEAST,30,2014,3900,1200,9800,,,
MINNESOTA,ST. LOUIS,27137,NORTHEAST,30,2015,3900,1100,9900,,,
MINNESOTA,ST. LOUIS,27137,NORTHEAST,30,2016,3900,1100,10800,,,
MINNESOTA,ST. LOUIS,27137,NORTHEAST,30,2017,4900,1100,10800,,292,325
MINNESOTA,ST. LOUIS,27137,NORTHEAST,30,2018,5000,800,10500,,,
MINNESOTA,ST. LOUIS,27137,NORTHEAST,30,2019,5000,800,10300,,,
MINNESOTA,ST. LOUIS,27137,NORTHEAST,30,2020,4900,700,10100,,,
MINNESOTA,ST. LOUIS,27137,NORTHEAST,30,2021,4500,800,9600,,,
MINNESOTA,ST. LOUIS,27137,NORTHEAST,30,2022,4900,800,9800,118,266,65
MINNESOTA,ST. LOUIS,27137,NORTHEAST,30,2023,4900,800,9700,,,
MINNESOTA,STEARNS,27145,CENTRAL,50,2010,12500,70000,210000,,,
MINNESOTA,STEARNS,27145,CENTRAL,50,2011,11900,70000,205000,,,
MINNESOTA,STEARNS,27145,CENTRAL,50,2012,12100,69000,225000,40914,109402,2437174
MINNESOTA,STEARNS,27145,CENTRAL,50,2013,13300,71000,240000,,,
MINNESOTA,STEARNS,27145,CENTRAL,50,2014,12000,70000,225000,,,
MINNESOTA,STEARNS,27145,CENTRAL,50,2015,12000,69000,220000,,,
MINNESOTA,STEARNS,27145,CENTRAL,50,2016,12100,68000,210000,,,
MINNESOTA,STEARNS,27145,CENTRAL,50,2017,11700,67000,210000,37416,84707,2734124
MINNESOTA,STEARNS,27145,CENTRAL,50,2018,11300,66000,200000,,,
MINNESOTA,STEARNS,27145,CENTRAL,50,2019,11400,65000,195000,,,
MINNESOTA,STEARNS,27145,CENTRAL,50,2020,11200,65000,190000,,,
MINNESOTA,STEARNS,27145,CENTRAL,50,2021,10300,66000,180000,,,
MINNESOTA,STEARNS,27145,CENTRAL,50,2022,11100,67000,185000,42573,65897,1796151
MINNESOTA,STEARNS,27145,CENTRAL,50,2023,11100,66000,185000,,,
MINNESOTA,STEELE,27147,SOUTH CENTRAL,80,2010,1700,5000,15800,,,
MINNESOTA,STEELE,27147,SOUTH CENTRAL,80,2011,1600,5000,15500,,,
MINNESOTA,STEELE,27147,SOUTH CENTRAL,80,2012,1600,5000,15200,678,167773,416487
MINNESOTA,STEELE,27147,SOUTH CENTRAL,80,2013,2000,3200,10600,,,
MINNESOTA,STEELE,27147,SOUTH CENTRAL,80,2014,1800,3200,10100,,,
MINNESOTA,STEELE,27147,SOUTH CENTRAL,80,2015,1800,3100,10800,,,
MINNESOTA,STEELE,27147,SOUTH CENTRAL,80,2016,1800,3100,11600,,,
MINNESOTA,STEELE,27147,SOUTH CENTRAL,80,2017,2100,3100,12300,1306,141317,332296
MINNESOTA,STEELE,27147,SOUTH CENTRAL,80,2018,2100,3500,13100,,,
MINNESOTA,STEELE,27147,SOUTH CENTRAL,80,2019,2200,3500,13000,,,
MINNESOTA,STEELE,27147,SOUTH CENTRAL,80,2020,2100,3400,12600,,,
MINNESOTA,STEELE,27147,SOUTH CENTRAL,80,2021,1900,3500,12000,,,
MINNESOTA,STEELE,27147,SOUTH CENTRAL,80,2022,2100,3500,12400,985,116411,190562
MINNESOTA,STEELE,27147,SOUTH CENTRAL,80,2023,2100,3500,12200,,,
MINNESOTA,STEVENS,27149,WEST CENTRAL,40,2010,2500,18300,45000,,,
MINNESOTA,STEVENS,27149,WEST CENTRAL,40,2011,2400,18300,44500,,,
MINNESOTA,STEVENS,27149,WEST CENTRAL,40,2012,2400,18100,51000,11844,186865,
MINNESOTA,STEVENS,27149,WEST CENTRAL,40,2013,1800,21500,58000,,,
MINNESOTA,STEVENS,27149,WEST CENTRAL,40,2014,1600,21500,55000,,,
MINNESOTA,STEVENS,27149,WEST CENTRAL,40,2015,1600,23000,56000,,,
MINNESOTA,STEVENS,27149,WEST CENTRAL,40,2016,1700,24000,59000,,,
MINNESOTA,STEVENS,27149,WEST CENTRAL,40,2017,2000,25000,59000,14585,169272,
MINNESOTA,STEVENS,27149,WEST CENTRAL,40,2018,,,59000,,,
MINNESOTA,STEVENS,27149,WEST CENTRAL,40,2019,,,58000,,,
MINNESOTA,STEVENS,27149,WEST CENTRAL,40,2020,,,56000,,,
MINNESOTA,STEVENS,27149,WEST CENTRAL,40,2021,,,54000,,,
MINNESOTA,STEVENS,27149,WEST CENTRAL,40,2022,,,55000,11014,210165,
MINNESOTA,STEVENS,27149,WEST CENTRAL,40,2023,,,54000,,,
MINNESOTA,SWIFT,27151,WEST CENTRAL,40,2010,2500,4600,19200,,,
MINNESOTA,SWIFT,27151,WEST CENTRAL,40,2011,2400,4600,18900,,,
MINNESOTA,SWIFT,27151,WEST CENTRAL,40,2012,2400,4500,18500,3871,13116,1942920
MINNESOTA,SWIFT,27151,WEST CENTRAL,40,2013,2600,2900,15800,,,
MINNESOTA,SWIFT,27151,WEST CENTRAL,40,2014,2400,4800,15600,,,
MINNESOTA,SWIFT,27151,WEST CENTRAL,40,2015,2400,6700,19500,,,
MINNESOTA,SWIFT,27151,WEST CENTRAL,40,2016,2400,8700,24500,,,
MINNESOTA,SWIFT,27151,WEST CENTRAL,40,2017,3000,10600,27500,4190,15538,1400496
MINNESOTA,SWIFT,27151,WEST CENTRAL,40,2018,3000,12400,31500,,,
MINNESOTA,SWIFT,27151,WEST CENTRAL,40,2019,3100,12300,31000,,,
MINNESOTA,SWIFT,27151,WEST CENTRAL,40,2020,3000,12100,30500,,,
MINNESOTA,SWIFT,27151,WEST CENTRAL,40,2021,2800,12400,29000,,,
MINNESOTA,SWIFT,27151,WEST CENTRAL,40,2022,3000,12500,29500,4406,26698,1219997
MINNESOTA,SWIFT,27151,WEST CENTRAL,40,2023,3000,12400,29000,,,
MINNESOTA,TODD,27153,CENTRAL,50,2010,11100,16700,64000,,,
MINNESOTA,TODD,27153,CENTRAL,50,2011,10500,16700,63000,,,
MINNESOTA,TODD,27153,CENTRAL,50,2012,10600,16500,61000,4678,13771,1991295
MINNESOTA,TODD,27153,CENTRAL,50,2013,11500,16600,70000,,,
MINNESOTA,TODD,27153,CENTRAL,50,2014,10400,16200,67000,,,
MINNESOTA,TODD,27153,CENTRAL,50,2015,10400,15800,66000,,,
MINNESOTA,TODD,27153,CENTRAL,50,2016,10500,15300,63000,,,
MINNESOTA,TODD,27153,CENTRAL,50,2017,11300,14900,60000,5236,10740,899194
MINNESOTA,TODD,27153,CENTRAL,50,2018,11200,14400,56000,,,
MINNESOTA,TODD,27153,CENTRAL,50,2019,11400,14300,55000,,,
MINNESOTA,TODD,27153,CENTRAL,50,2020,11200,14100,54000,,,
MINNESOTA,TODD,27153,CENTRAL,50,2021,10300,14400,51000,,,
MINNESOTA,TODD,27153,CENTRAL,50,2022,11000,14600,53000,5225,7175,1231838
MINNESOTA,TODD,27153,CENTRAL,50,2023,11000,14400,52000,,,
MINNESOTA,TRAVERSE,27155,WEST CENTRAL,40,2010,,,5200,,,
MINNESOTA,TRAVERSE,27155,WEST CENTRAL,40,2011,,,5100,,,
MINNESOTA,TRAVERSE,27155,WEST CENTRAL,40,2012,,,5000,1863,16966,
MINNESOTA,TRAVERSE,27155,WEST CENTRAL,40,2013,,,5800,,,
MINNESOTA,TRAVERSE,27155,WEST CENTRAL,40,2014,,,5500,,,
MINNESOTA,TRAVERSE,27155,WEST CENTRAL,40,2015,,,7500,,,
MINNESOTA,TRAVERSE,27155,WEST CENTRAL,40,2016,,,10500,,,
MINNESOTA,TRAVERSE,27155,WEST CENTRAL,40,2017,,,11400,3426,35141,
MINNESOTA,TRAVERSE,27155,WEST CENTRAL,40,2018,,,13500,,,
MINNESOTA,TRAVERSE,27155,WEST CENTRAL,40,2019,,,13400,,,
MINNESOTA,TRAVERSE,27155,WEST CENTRAL,40,2020,,,13000,,,
MINNESOTA,TRAVERSE,27155,WEST CENTRAL,40,2021,,,12400,,,
MINNESOTA,TRAVERSE,27155,WEST CENTRAL,40,2022,,,12700,1239,12478,
MINNESOTA,TRAVERSE,27155,WEST CENTRAL,40,2023,,,12500,,,
MINNESOTA,WABASHA,27157,SOUTHEAST,90,2010,7200,21000,62000,,,
MINNESOTA,WABASHA,27157,SOUTHEAST,90,2011,6800,21000,61000,,,
MINNESOTA,WABASHA,27157,SOUTHEAST,90,2012,6900,20500,60000,6849,8851,22
MINNESOTA,WABASHA,27157,SOUTHEAST,90,2013,6600,20500,68000,,,
MINNESOTA,WABASHA,27157,SOUTHEAST,90,2014,6000,20500,65000,,,
MINNESOTA,WABASHA,27157,SOUTHEAST,90,2015,6000,20000,63000,,,
MINNESOTA,WABASHA,27157,SOUTHEAST,90,2016,6000,19900,61000,,,
MINNESOTA,WABASHA,27157,SOUTHEAST,90,2017,5700,19900,58000,5950,11603,
MINNESOTA,WABASHA,27157,SOUTHEAST,90,2018,5400,20000,56000,,,
MINNESOTA,WABASHA,27157,SOUTHEAST,90,2019,5500,19900,56000,,,
MINNESOTA,WABASHA,27157,SOUTHEAST,90,2020,5400,19700,54000,,,
MINNESOTA,WABASHA,27157,SOUTHEAST,90,2021,4900,20000,52000,,,
MINNESOTA,WABASHA,27157,SOUTHEAST,90,2022,5300,20500,53000,6200,41069,25
MINNESOTA,WABASHA,27157,SOUTHEAST,90,2023,5300,20000,52000,,,
MINNESOTA,WADENA,27159,CENTRAL,50,2010,4400,4500,18300,,,
MINNESOTA,WADENA,27159,CENTRAL,50,2011,4100,4500,18100,,,
MINNESOTA,WADENA,27159,CENTRAL,50,2012,4200,4500,17700,,6202,52805
MINNESOTA,WADENA,27159,CENTRAL,50,2013,4600,3300,17700,,,
MINNESOTA,WADENA,27159,CENTRAL,50,2014,4200,3300,16900,,,
MINNESOTA,WADENA,27159,CENTRAL,50,2015,4200,3200,17100,,,
MINNESOTA,WADENA,27159,CENTRAL,50,2016,4200,3200,18700,,,
MINNESOTA,WADENA,27159,CENTRAL,50,2017,4400,3200,18400,186,181,
MINNESOTA,WADENA,27159,CENTRAL,50,2018,4200,2600,12900,,,
MINNESOTA,WADENA,27159,CENTRAL,50,2019,4300,2500,12800,,,
MINNESOTA,WADENA,27159,CENTRAL,50,2020,4200,2500,12400,,,
MINNESOTA,WADENA,27159,CENTRAL,50,2021,3900,2600,11800,,,
MINNESOTA,WADENA,27159,CENTRAL,50,2022,4100,2600,12100,636,153,
MINNESOTA,WADENA,27159,CENTRAL,50,2023,4100,2600,12000,,,
MINNESOTA,WASECA,27161,SOUTH CENTRAL,80,2010,1400,1900,15300,,,
MINNESOTA,WASECA,27161,SOUTH CENTRAL,80,2011,1300,1900,15100,,,
MINNESOTA,WASECA,27161,SOUTH CENTRAL,80,2012,1300,1900,14700,5523,243998,123857
MINNESOTA,WASECA,27161,SOUTH CENTRAL,80,2013,1300,2400,17800,,,
MINNESOTA,WASECA,27161,SOUTH CENTRAL,80,2014,1200,2200,16900,,,
MINNESOTA,WASECA,27161,SOUTH CENTRAL,80,2015,1200,2000,17200,,,
MINNESOTA,WASECA,27161,SOUTH CENTRAL,80,2016,1200,1800,18700,,,
MINNESOTA,WASECA,27161,SOUTH CENTRAL,80,2017,1300,1600,15700,6511,271933,422016
MINNESOTA,WASECA,27161,SOUTH CENTRAL,80,2018,1300,1400,12900,,,
MINNESOTA,WASECA,27161,SOUTH CENTRAL,80,2019,1300,1400,12800,,,
MINNESOTA,WASECA,27161,SOUTH CENTRAL,80,2020,1300,1300,12400,,,
MINNESOTA,WASECA,27161,SOUTH CENTRAL,80,2021,1200,1400,11800,,,
MINNESOTA,WASECA,27161,SOUTH CENTRAL,80,2022,1300,1400,12100,4119,216305,181705
MINNESOTA,WASECA,27161,SOUTH CENTRAL,80,2023,1300,1400,11900,,,
MINNESOTA,WASHINGTON,27163,EAST CENTRAL,60,2010,1800,900,7000,,,
MINNESOTA,WASHINGTON,27163,EAST CENTRAL,60,2011,1700,900,6900,,,
MINNESOTA,WASHINGTON,27163,EAST CENTRAL,60,2012,1800,900,6700,457,184,
MINNESOTA,WASHINGTON,27163,EAST CENTRAL,60,2013,2000,1300,6800,,,
MINNESOTA,WASHINGTON,27163,EAST CENTRAL,60,2014,1800,1300,6400,,,
MINNESOTA,WASHINGTON,27163,EAST CENTRAL,60,2015,1800,1300,6500,,,
MINNESOTA,WASHINGTON,27163,EAST CENTRAL,60,2016,1800,1300,7100,,,
MINNESOTA,WASHINGTON,27163,EAST CENTRAL,60,2017,1900,1200,7000,533,103,
MINNESOTA,WASHINGTON,27163,EAST CENTRAL,60,2018,1900,900,5500,,,
MINNESOTA,WASHINGTON,27163,EAST CENTRAL,60,2019,1900,900,5400,,,
MINNESOTA,WASHINGTON,27163,EAST CENTRAL,60,2020,1900,800,5300,,,
MINNESOTA,WASHINGTON,27163,EAST CENTRAL,60,2021,1700,900,5000,,,
MINNESOTA,WASHINGTON,27163,EAST CENTRAL,60,2022,1900,900,5200,321,338,
MINNESOTA,WASHINGTON,27163,EAST CENTRAL,60,2023,1900,900,5100,,,
MINNESOTA,WATONWAN,27165,SOUTH CENTRAL,80,2010,900,400,10800,,,
MINNESOTA,WATONWAN,27165,SOUTH CENTRAL,80,2011,900,400,10600,,,
MINNESOTA,WATONWAN,27165,SOUTH CENTRAL,80,2012,900,400,10400,,183618,
MINNESOTA,WATONWAN,27165,SOUTH CENTRAL,80,2013,800,300,8200,,,
MINNESOTA,WATONWAN,27165,SOUTH CENTRAL,80,2014,800,300,7800,,,
MINNESOTA,WATONWAN,27165,SOUTH CENTRAL,80,2015,800,300,8000,,,
MINNESOTA,WATONWAN,27165,SOUTH CENTRAL,80,2016,800,300,8700,,,
MINNESOTA,WATONWAN,27165,SOUTH CENTRAL,80,2017,900,300,5700,,381830,
MINNESOTA,WATONWAN,27165,SOUTH CENTRAL,80,2018,,,3700,,,
MINNESOTA,WATONWAN,27165,SOUTH CENTRAL,80,2019,,,3600,,,
MINNESOTA,WATONWAN,27165,SOUTH CENTRAL,80,2020,,,3500,,,
MINNESOTA,WATONWAN,27165,SOUTH CENTRAL,80,2021,,,3400,,,
MINNESOTA,WATONWAN,27165,SOUTH CENTRAL,80,2022,,,3500,3779,248970,
MINNESOTA,WATONWAN,27165,SOUTH CENTRAL,80,2023,,,3400,,,
MINNESOTA,WILKIN,27167,WEST CENTRAL,40,2010,1000,200,2600,,,
MINNESOTA,WILKIN,27167,WEST CENTRAL,40,2011,1000,200,2500,,,
MINNESOTA,WILKIN,27167,WEST CENTRAL,40,2012,1000,200,2500,,,
MINNESOTA,WILKIN,27167,WEST CENTRAL,40,2013,600,900,3100,,,
MINNESOTA,WILKIN,27167,WEST CENTRAL,40,2014,600,900,2900,,,
MINNESOTA,WILKIN,27167,WEST CENTRAL,40,2015,600,900,3000,,,
MINNESOTA,WILKIN,27167,WEST CENTRAL,40,2016,600,700,3300,,,
MINNESOTA,WILKIN,27167,WEST CENTRAL,40,2017,1000,300,3200,,48,
MINNESOTA,WILKIN,27167,WEST CENTRAL,40,2018,,,2800,,,
MINNESOTA,WILKIN,27167,WEST CENTRAL,40,2019,,,2700,,,
MINNESOTA,WILKIN,27167,WEST CENTRAL,40,2020,,,2700,,,
MINNESOTA,WILKIN,27167,WEST CENTRAL,40,2021,,,2500,,,
MINNESOTA,WILKIN,27167,WEST CENTRAL,40,2022,,,2600,238,22,
MINNESOTA,WILKIN,27167,WEST CENTRAL,40,2023,,,2600,,,
MINNESOTA,WINONA,27169,SOUTHEAST,90,2010,8900,30000,86000,,,
MINNESOTA,WINONA,27169,SOUTHEAST,90,2011,8400,30000,84000,,,
MINNESOTA,WINONA,27169,SOUTHEAST,90,2012,8500,29500,82000,7881,36935,
MINNESOTA,WINONA,27169,SOUTHEAST,90,2013,8300,28500,82000,,,
MINNESOTA,WINONA,27169,SOUTHEAST,90,2014,7500,27500,78000,,,
MINNESOTA,WINONA,27169,SOUTHEAST,90,2015,7500,26500,77000,,,
MINNESOTA,WINONA,27169,SOUTHEAST,90,2016,7600,26000,75000,,,
MINNESOTA,WINONA,27169,SOUTHEAST,90,2017,8500,25000,73000,8848,112381,
MINNESOTA,WINONA,27169,SOUTHEAST,90,2018,8500,24000,71000,,,
MINNESOTA,WINONA,27169,SOUTHEAST,90,2019,8600,23500,70000,,,
MINNESOTA,WINONA,27169,SOUTHEAST,90,2020,8500,23000,68000,,,
MINNESOTA,WINONA,27169,SOUTHEAST,90,2021,7800,24000,65000,,,
MINNESOTA,WINONA,27169,SOUTHEAST,90,2022,8400,24000,67000,6118,55794,
MINNESOTA,WINONA,27169,SOUTHEAST,90,2023,8400,24000,66000,,,
MINNESOTA,WRIGHT,27171,CENTRAL,50,2010,3900,10600,37000,,,
MINNESOTA,WRIGHT,27171,CENTRAL,50,2011,3700,10600,36500,,,
MINNESOTA,WRIGHT,27171,CENTRAL,50,2012,3800,10500,35500,9373,4819,
MINNESOTA,WRIGHT,27171,CENTRAL,50,2013,4000,9500,40000,,,
MINNESOTA,WRIGHT,27171,CENTRAL,50,2014,3600,8900,38000,,,
MINNESOTA,WRIGHT,27171,CENTRAL,50,2015,3600,8200,36500,,,
MINNESOTA,WRIGHT,27171,CENTRAL,50,2016,3600,7600,35000,,,
MINNESOTA,WRIGHT,27171,CENTRAL,50,2017,3300,7000,33000,7167,1045,311
MINNESOTA,WRIGHT,27171,CENTRAL,50,2018,2900,6300,32000,,,
MINNESOTA,WRIGHT,27171,CENTRAL,50,2019,2900,6200,31500,,,
MINNESOTA,WRIGHT,27171,CENTRAL,50,2020,2900,6200,30500,,,
MINNESOTA,WRIGHT,27171,CENTRAL,50,2021,2700,6300,29000,,,
MINNESOTA,WRIGHT,27171,CENTRAL,50,2022,2900,6400,30000,7677,4681,260
MINNESOTA,WRIGHT,27171,CENTRAL,50,2023,2900,6300,29500,,,
MINNESOTA,YELLOW MEDICINE,27173,WEST CENTRAL,40,2010,3400,2900,24000,,,
MINNESOTA,YELLOW MEDICINE,27173,WEST CENTRAL,40,2011,3200,2900,23500,,,
MINNESOTA,YELLOW MEDICINE,27173,WEST CENTRAL,40,2012,3200,2900,23000,10879,120257,203028
MINNESOTA,YELLOW MEDICINE,27173,WEST CENTRAL,40,2013,3800,1600,27000,,,
MINNESOTA,YELLOW MEDICINE,27173,WEST CENTRAL,40,2014,3500,1600,26000,,,
MINNESOTA,YELLOW MEDICINE,27173,WEST CENTRAL,40,2015,3500,1500,26500,,,
MINNESOTA,YELLOW MEDICINE,27173,WEST CENTRAL,40,2016,3500,1500,28500,,,
MINNESOTA,YELLOW MEDICINE,27173,WEST CENTRAL,40,2017,3800,1500,28500,13517,164594,
MINNESOTA,YELLOW MEDICINE,27173,WEST CENTRAL,40,2018,3500,1400,28000,,,
MINNESOTA,YELLOW MEDICINE,27173,WEST CENTRAL,40,2019,3500,1400,27500,,,
MINNESOTA,YELLOW MEDICINE,27173,WEST CENTRAL,40,2020,3500,1400,27000,,,
MINNESOTA,YELLOW MEDICINE,27173,WEST CENTRAL,40,2021,3200,1400,25500,,,
MINNESOTA,YELLOW MEDICINE,27173,WEST CENTRAL,40,2022,3400,1400,26500,3136,214088,
MINNESOTA,YELLOW MEDICINE,27173,WEST CENTRAL,40,2023,3400,1400,26000,,,
