State,County,ANSI,Ag District,Ag District Code,Year,Urea (46-0-0),Potash (0-0-60),Monammonium Phosphate (MAP) (11-52-0),Diammonium Phosphate (DAP) (18-46-0),Ammonia (82-0-0)
MINNESOTA,AITKIN,27001,EAST CENTRAL,60,2020,73,57,0,28,0
MINNESOTA,ANOKA,27003,EAST CENTRAL,60,2020,2,72,1,35,0
MINNESOTA,BECKER,27005,NORTHWEST,10,2020,10181,3785,3928,102,0
MINNESOTA,BELTRAMI,27007,NORTH CENTRAL,20,2020,1855,2784,361,1062,3
MINNESOTA,BENTON,27009,CENTRAL,50,2020,5199,4434,0,457,661
MINNESOTA,BIG STONE,27011,WEST CENTRAL,40,2020,10532,3806,2614,1311,0
MINNESOTA,BLUE EARTH,27013,SOUTH CENTRAL,80,2020,17611,7634,4779,245,9803
MINNESOTA,BROWN,27015,SOUTH CENTRAL,80,2020,22104,18492,4461,14769,7434
MINNESOTA,CARLTON,27017,EAST CENTRAL,60,2020,902,1026,0,280,0
MINNESOTA,CARVER,27019,CENTRAL,50,2020,3431,2714,294,1413,716
MINNESOTA,CASS,27021,NORTH CENTRAL,20,2020,0,0,0,0,0
MINNESOTA,CHIPPEWA,27023,WEST CENTRAL,40,2020,12852,4790,1941,7105,3426
MINNESOTA,CHISAGO,27025,EAST CENTRAL,60,2020,3196,3403,0,1131,326
MINNESOTA,CLAY,27027,NORTHWEST,10,2020,42113,11113,14827,48,245
MINNESOTA,CLEARWATER,27029,NORTHWEST,10,2020,160,561,132,0,0
MINNESOTA,COOK,27031,NORTHEAST,30,2020,0,0,0,0,0
MINNESOTA,COTTONWOOD,27033,SOUTHWEST,70,2020,9787,9326,1642,9573,4720
MINNESOTA,CROW WING,27035,EAST CENTRAL,60,2020,1,0,0,0,0
MINNESOTA,DAKOTA,27037,SOUTHEAST,90,2020,8303,14883,3081,4324,3814
MINNESOTA,DODGE,27039,SOUTHEAST,90,2020,4868,7275,2639,1268,2736
MINNESOTA,DOUGLAS,27041,WEST CENTRAL,40,2020,4278,2757,937,1100,17
MINNESOTA,FARIBAULT,27043,SOUTH CENTRAL,80,2020,2318,11520,11858,306,6988
MINNESOTA,FILLMORE,27045,SOUTHEAST,90,2020,11240,13840,4340,3070,3046
MINNESOTA,FREEBORN,27047,SOUTH CENTRAL,80,2020,4202,12301,5613,2260,7523
MINNESOTA,GOODHUE,27049,SOUTHEAST,90,2020,30337,31647,5135,11761,7864
MINNESOTA,GRANT,27051,WEST CENTRAL,40,2020,23715,9282,8816,3866,1055
MINNESOTA,HENNEPIN,27053,EAST CENTRAL,60,2020,905,2858,30,106,66
MINNESOTA,HOUSTON,27055,SOUTHEAST,90,2020,4811,3390,1722,12,1512
MINNESOTA,HUBBARD,27057,NORTH CENTRAL,20,2020,2823,2242,92,0,0
MINNESOTA,ISANTI,27059,EAST CENTRAL,60,2020,3386,2408,0,678,0
MINNESOTA,ITASCA,27061,NORTH CENTRAL,20,2020,56,69,0,23,0
MINNESOTA,JACKSON,27063,SOUTHWEST,70,2020,3442,11640,4258,436,2135
MINNESOTA,KANABEC,27065,EAST CENTRAL,60,2020,2578,2100,0,1002,0
MINNESOTA,KANDIYOHI,27067,CENTRAL,50,2020,16280,7574,1426,7676,3287
MINNESOTA,KITTSON,27069,NORTHWEST,10,2020,21828,2971,1189,0,0
MINNESOTA,KOOCHICHING,27071,NORTH CENTRAL,20,2020,1,2,0,0,0
MINNESOTA,LAC QUI PARLE,27073,WEST CENTRAL,40,2020,17485,8136,4795,8973,2220
MINNESOTA,LAKE,27075,NORTHEAST,30,2020,0,0,0,0,0
MINNESOTA,LAKE OF THE WOODS,27077,NORTH CENTRAL,20,2020,3071,2686,2131,0,0
MINNESOTA,LE SUEUR,27079,SOUTH CENTRAL,80,2020,1070,1388,536,398,4448
MINNESOTA,LINCOLN,27081,SOUTHWEST,70,2020,17899,8208,566,5909,380
MINNESOTA,LYON,27083,SOUTHWEST,70,2020,19843,9519,190,11466,3443
MINNESOTA,MCLEOD,27085,CENTRAL,50,2020,14239,15659,4335,3685,3168
MINNESOTA,MAHNOMEN,27087,NORTHWEST,10,2020,4264,2073,797,0,0
MINNESOTA,MARSHALL,27089,NORTHWEST,10,2020,41551,11067,16219,0,3962
MINNESOTA,MARTIN,27091,SOUTH CENTRAL,80,2020,7552,10167,9566,0,7092
MINNESOTA,MEEKER,27093,CENTRAL,50,2020,10881,9312,365,6381,2227
MINNESOTA,MILLE LACS,27095,EAST CENTRAL,60,2020,3517,3799,0,940,214
MINNESOTA,MORRISON,27097,CENTRAL,50,2020,11660,10349,167,1846,1386
MINNESOTA,MOWER,27099,SOUTHEAST,90,2020,3780,11726,5540,1242,8540
MINNESOTA,MURRAY,27101,SOUTHWEST,70,2020,18923,12289,129,12945,2138
MINNESOTA,NICOLLET,27103,SOUTH CENTRAL,80,2020,4489,12992,2130,1163,4249
MINNESOTA,NOBLES,27105,SOUTHWEST,70,2020,9491,8323,6740,1100,1554
MINNESOTA,NORMAN,27107,NORTHWEST,10,2020,23904,6292,8988,43,130
MINNESOTA,OLMSTED,27109,SOUTHEAST,90,2020,7191,8163,2943,1490,1583
MINNESOTA,OTTER TAIL,27111,WEST CENTRAL,40,2020,17045,16823,3852,3993,130
MINNESOTA,PENNINGTON,27113,NORTHWEST,10,2020,9968,5528,3884,0,1114
MINNESOTA,PINE,27115,EAST CENTRAL,60,2020,2386,1980,0,542,0
MINNESOTA,PIPESTONE,27117,SOUTHWEST,70,2020,10582,4821,1984,1739,570
MINNESOTA,POLK,27119,NORTHWEST,10,2020,35528,11758,12930,306,5731
MINNESOTA,POPE,27121,WEST CENTRAL,40,2020,7830,5786,1599,3159,2407
MINNESOTA,RAMSEY,27123,EAST CENTRAL,60,2020,4475,1,129,0,0
MINNESOTA,RED LAKE,27125,NORTHWEST,10,2020,11967,8076,4907,0,1129
MINNESOTA,REDWOOD,27127,SOUTHWEST,70,2020,13095,10127,387,13696,7267
MINNESOTA,RENVILLE,27129,CENTRAL,50,2020,25619,11586,3479,12442,5196
MINNESOTA,RICE,27131,SOUTH CENTRAL,80,2020,2848,4411,10125,1621,460
MINNESOTA,ROCK,27133,SOUTHWEST,70,2020,11013,4836,2047,3162,938
MINNESOTA,ROSEAU,27135,NORTHWEST,10,2020,17918,10893,8267,0,706
MINNESOTA,ST. LOUIS,27137,NORTHEAST,30,2020,882,641,440,134,20
MINNESOTA,SCOTT,27139,CENTRAL,50,2020,1117,1240,688,239,641
MINNESOTA,SHERBURNE,27141,CENTRAL,50,2020,3351,7553,82,725,1256
MINNESOTA,SIBLEY,27143,CENTRAL,50,2020,11960,8774,6598,1189,4043
MINNESOTA,STEARNS,27145,CENTRAL,50,2020,15501,11345,865,4332,2528
MINNESOTA,STEELE,27147,SOUTH CENTRAL,80,2020,2286,4657,3025,1121,1217
MINNESOTA,STEVENS,27149,WEST CENTRAL,40,2020,13471,4644,5194,4767,2599
MINNESOTA,SWIFT,27151,WEST CENTRAL,40,2020,13883,9543,8602,3173,3222
MINNESOTA,TODD,27153,CENTRAL,50,2020,5207,3976,31,694,0
MINNESOTA,TRAVERSE,27155,WEST CENTRAL,40,2020,17083,4584,5116,4072,8
MINNESOTA,WABASHA,27157,SOUTHEAST,90,2020,4175,4095,1155,1660,3719
MINNESOTA,WADENA,27159,CENTRAL,50,2020,5731,6084,0,1347,9
MINNESOTA,WASECA,27161,SOUTH CENTRAL,80,2020,7985,11177,5463,362,4238
MINNESOTA,WASHINGTON,27163,EAST CENTRAL,60,2020,1341,1110,12,665,247
MINNESOTA,WATONWAN,27165,SOUTH CENTRAL,80,2020,6236,19533,16150,120,3677
MINNESOTA,WILKIN,27167,WEST CENTRAL,40,2020,22167,4709,8524,330,248
MINNESOTA,WINONA,27169,SOUTHEAST,90,2020,9741,9215,1257,3381,657
MINNESOTA,WRIGHT,27171,CENTRAL,50,2020,5216,8459,978,1989,1961
MINNESOTA,YELLOW MEDICINE,27173,WEST CENTRAL,40,2020,17501,9645,2295,11735,5175
MINNESOTA,AITKIN,27001,EAST CENTRAL,60,2019,667,350,213,0,13
MINNESOTA,ANOKA,27003,EAST CENTRAL,60,2019,12,62,5,23,0
MINNESOTA,BECKER,27005,NORTHWEST,10,2019,11335,3999,5000,26,0
MINNESOTA,BELTRAMI,27007,NORTH CENTRAL,20,2019,1289,1795,357,684,3
MINNESOTA,BENTON,27009,CENTRAL,50,2019,2545,3518,1,317,1048
MINNESOTA,BIG STONE,27011,WEST CENTRAL,40,2019,9871,3363,1487,1708,0
MINNESOTA,BLUE EARTH,27013,SOUTH CENTRAL,80,2019,19227,6970,4425,239,5442
MINNESOTA,BROWN,27015,SOUTH CENTRAL,80,2019,22572,15749,3990,12930,5049
MINNESOTA,CARLTON,27017,EAST CENTRAL,60,2019,562,531,0,256,0
MINNESOTA,CARVER,27019,CENTRAL,50,2019,3592,2566,5718,1293,517
MINNESOTA,CASS,27021,NORTH CENTRAL,20,2019,535,0,106,0,0
MINNESOTA,CHIPPEWA,27023,WEST CENTRAL,40,2019,11227,4583,1706,6220,2409
MINNESOTA,CHISAGO,27025,EAST CENTRAL,60,2019,4141,4588,0,1407,187
MINNESOTA,CLAY,27027,NORTHWEST,10,2019,42156,12246,15942,810,727
MINNESOTA,CLEARWATER,27029,NORTHWEST,10,2019,392,866,365,0,0
MINNESOTA,COOK,27031,NORTHEAST,30,2019,38,0,215,0,0
MINNESOTA,COTTONWOOD,27033,SOUTHWEST,70,2019,11135,10011,1364,11129,3710
MINNESOTA,CROW WING,27035,EAST CENTRAL,60,2019,0,0,0,0,0
MINNESOTA,DAKOTA,27037,SOUTHEAST,90,2019,6771,12091,1781,2110,2672
MINNESOTA,DODGE,27039,SOUTHEAST,90,2019,3858,4847,1380,517,2035
MINNESOTA,DOUGLAS,27041,WEST CENTRAL,40,2019,4878,3150,421,1857,0
MINNESOTA,FARIBAULT,27043,SOUTH CENTRAL,80,2019,3388,11890,9089,560,7139
MINNESOTA,FILLMORE,27045,SOUTHEAST,90,2019,10713,10954,2569,3361,3297
MINNESOTA,FREEBORN,27047,SOUTH CENTRAL,80,2019,3523,11545,4719,2532,7188
MINNESOTA,GOODHUE,27049,SOUTHEAST,90,2019,33121,34190,5206,7623,8230
MINNESOTA,GRANT,27051,WEST CENTRAL,40,2019,25543,9633,5106,6359,1137
MINNESOTA,HENNEPIN,27053,EAST CENTRAL,60,2019,302,142,23,1,60
MINNESOTA,HOUSTON,27055,SOUTHEAST,90,2019,4395,953,1271,25,1226
MINNESOTA,HUBBARD,27057,NORTH CENTRAL,20,2019,2196,2260,0,313,0
MINNESOTA,ISANTI,27059,EAST CENTRAL,60,2019,2270,2568,0,803,0
MINNESOTA,ITASCA,27061,NORTH CENTRAL,20,2019,84,73,0,20,0
MINNESOTA,JACKSON,27063,SOUTHWEST,70,2019,2480,5346,3951,498,1201
MINNESOTA,KANABEC,27065,EAST CENTRAL,60,2019,3286,3277,0,1368,0
MINNESOTA,KANDIYOHI,27067,CENTRAL,50,2019,14079,6530,505,8539,2694
MINNESOTA,KITTSON,27069,NORTHWEST,10,2019,22127,3009,1459,0,212
MINNESOTA,KOOCHICHING,27071,NORTH CENTRAL,20,2019,2,1,0,0,0
MINNESOTA,LAC QUI PARLE,27073,WEST CENTRAL,40,2019,9818,5478,1706,5090,1138
MINNESOTA,LAKE,27075,NORTHEAST,30,2019,0,0,0,0,0
MINNESOTA,LAKE OF THE WOODS,27077,NORTH CENTRAL,20,2019,2259,2936,2618,0,0
MINNESOTA,LE SUEUR,27079,SOUTH CENTRAL,80,2019,1141,1286,4290,507,6222
MINNESOTA,LINCOLN,27081,SOUTHWEST,70,2019,9076,5115,280,3721,225
MINNESOTA,LYON,27083,SOUTHWEST,70,2019,13449,6550,135,9111,2057
MINNESOTA,MCLEOD,27085,CENTRAL,50,2019,13817,9139,3873,5371,2592
MINNESOTA,MAHNOMEN,27087,NORTHWEST,10,2019,3985,2177,697,0,0
MINNESOTA,MARSHALL,27089,NORTHWEST,10,2019,38949,11292,17152,0,5501
MINNESOTA,MARTIN,27091,SOUTH CENTRAL,80,2019,5776,10440,10109,12,6936
MINNESOTA,MEEKER,27093,CENTRAL,50,2019,11833,7999,264,5535,3041
MINNESOTA,MILLE LACS,27095,EAST CENTRAL,60,2019,2095,1977,0,648,5
MINNESOTA,MORRISON,27097,CENTRAL,50,2019,9043,9414,163,1318,1188
MINNESOTA,MOWER,27099,SOUTHEAST,90,2019,5168,11977,4680,1237,6605
MINNESOTA,MURRAY,27101,SOUTHWEST,70,2019,14716,8987,267,9734,1200
MINNESOTA,NICOLLET,27103,SOUTH CENTRAL,80,2019,5075,11599,1786,1108,2875
MINNESOTA,NOBLES,27105,SOUTHWEST,70,2019,7750,7619,6093,1022,947
MINNESOTA,NORMAN,27107,NORTHWEST,10,2019,28047,6966,11187,36,732
MINNESOTA,OLMSTED,27109,SOUTHEAST,90,2019,7088,7578,2308,1900,1425
MINNESOTA,OTTER TAIL,27111,WEST CENTRAL,40,2019,15017,11439,2441,5176,118
MINNESOTA,PENNINGTON,27113,NORTHWEST,10,2019,9308,7233,4672,0,2017
MINNESOTA,PINE,27115,EAST CENTRAL,60,2019,822,1234,0,361,0
MINNESOTA,PIPESTONE,27117,SOUTHWEST,70,2019,7548,3591,1509,1183,92
MINNESOTA,POLK,27119,NORTHWEST,10,2019,39304,13499,13974,0,6526
MINNESOTA,POPE,27121,WEST CENTRAL,40,2019,6680,5768,1448,3499,2634
MINNESOTA,RAMSEY,27123,EAST CENTRAL,60,2019,2,2,150,74,0
MINNESOTA,RED LAKE,27125,NORTHWEST,10,2019,7529,6685,4264,0,1464
MINNESOTA,REDWOOD,27127,SOUTHWEST,70,2019,12618,9315,246,13255,5682
MINNESOTA,RENVILLE,27129,CENTRAL,50,2019,23324,9004,809,12138,4156
MINNESOTA,RICE,27131,SOUTH CENTRAL,80,2019,3144,2456,7860,231,287
MINNESOTA,ROCK,27133,SOUTHWEST,70,2019,10080,4742,1948,3212,568
MINNESOTA,ROSEAU,27135,NORTHWEST,10,2019,16739,12360,9290,0,1529
MINNESOTA,ST. LOUIS,27137,NORTHEAST,30,2019,3383,277,422,53,0
MINNESOTA,SCOTT,27139,CENTRAL,50,2019,1194,1269,435,352,546
MINNESOTA,SHERBURNE,27141,CENTRAL,50,2019,4404,5908,127,1020,2771
MINNESOTA,SIBLEY,27143,CENTRAL,50,2019,13988,8295,6378,2674,3069
MINNESOTA,STEARNS,27145,CENTRAL,50,2019,13095,10406,1243,4288,2420
MINNESOTA,STEELE,27147,SOUTH CENTRAL,80,2019,3575,4529,2029,273,1159
MINNESOTA,STEVENS,27149,WEST CENTRAL,40,2019,11241,4390,4755,5296,3859
MINNESOTA,SWIFT,27151,WEST CENTRAL,40,2019,10819,9164,6911,4441,3082
MINNESOTA,TODD,27153,CENTRAL,50,2019,4211,3925,22,839,0
MINNESOTA,TRAVERSE,27155,WEST CENTRAL,40,2019,15111,3901,4979,3590,53
MINNESOTA,WABASHA,27157,SOUTHEAST,90,2019,3213,3869,614,1645,2558
MINNESOTA,WADENA,27159,CENTRAL,50,2019,4426,4924,0,1155,0
MINNESOTA,WASECA,27161,SOUTH CENTRAL,80,2019,6994,5534,2978,404,3103
MINNESOTA,WASHINGTON,27163,EAST CENTRAL,60,2019,1624,1666,1,940,453
MINNESOTA,WATONWAN,27165,SOUTH CENTRAL,80,2019,5806,9519,5861,26,2576
MINNESOTA,WILKIN,27167,WEST CENTRAL,40,2019,21127,4948,7816,1748,838
MINNESOTA,WINONA,27169,SOUTHEAST,90,2019,9810,8103,1130,1707,823
MINNESOTA,WRIGHT,27171,CENTRAL,50,2019,7238,8682,767,2986,3198
MINNESOTA,YELLOW MEDICINE,27173,WEST CENTRAL,40,2019,18550,8509,2453,10078,2222
MINNESOTA,AITKIN,27001,EAST CENTRAL,60,2018,512,0,249,0,0
MINNESOTA,ANOKA,27003,EAST CENTRAL,60,2018,5,1,0,1,0
MINNESOTA,BECKER,27005,NORTHWEST,10,2018,16441,5766,6539,235,0
MINNESOTA,BELTRAMI,27007,NORTH CENTRAL,20,2018,2492,2810,341,1498,0
MINNESOTA,BENTON,27009,CENTRAL,50,2018,2390,2212,269,406,859
MINNESOTA,BIG STONE,27011,WEST CENTRAL,40,2018,10814,3586,1124,1697,0
MINNESOTA,BLUE EARTH,27013,SOUTH CENTRAL,80,2018,11851,6562,4376,309,7078
MINNESOTA,BROWN,27015,SOUTH CENTRAL,80,2018,19024,15874,2031,16747,7016
MINNESOTA,CARLTON,27017,EAST CENTRAL,60,2018,21,41,5,5,0
MINNESOTA,CARVER,27019,CENTRAL,50,2018,4144,3165,6208,2162,807
MINNESOTA,CASS,27021,NORTH CENTRAL,20,2018,846,419,24,380,0
MINNESOTA,CHIPPEWA,27023,WEST CENTRAL,40,2018,12218,5376,1901,7756,3957
MINNESOTA,CHISAGO,27025,EAST CENTRAL,60,2018,5909,5876,7,1840,188
MINNESOTA,CLAY,27027,NORTHWEST,10,2018,61318,16480,17955,847,365
MINNESOTA,CLEARWATER,27029,NORTHWEST,10,2018,500,984,661,0,0
MINNESOTA,COOK,27031,NORTHEAST,30,2018,0,0,0,0,0
MINNESOTA,COTTONWOOD,27033,SOUTHWEST,70,2018,10808,11220,1797,12518,4530
MINNESOTA,CROW WING,27035,EAST CENTRAL,60,2018,0,0,0,0,0
MINNESOTA,DAKOTA,27037,SOUTHEAST,90,2018,5767,4615,547,3068,2632
MINNESOTA,DODGE,27039,SOUTHEAST,90,2018,3226,5402,1287,48,1363
MINNESOTA,DOUGLAS,27041,WEST CENTRAL,40,2018,4126,2614,343,2491,68
MINNESOTA,FARIBAULT,27043,SOUTH CENTRAL,80,2018,4673,17135,11353,694,7004
MINNESOTA,FILLMORE,27045,SOUTHEAST,90,2018,12955,18154,2765,6591,3165
MINNESOTA,FREEBORN,27047,SOUTH CENTRAL,80,2018,7657,16446,5723,4173,8254
MINNESOTA,GOODHUE,27049,SOUTHEAST,90,2018,29409,35133,4615,12829,9702
MINNESOTA,GRANT,27051,WEST CENTRAL,40,2018,22178,10027,6507,6501,1775
MINNESOTA,HENNEPIN,27053,EAST CENTRAL,60,2018,125,12207,7531,4808,678
MINNESOTA,HOUSTON,27055,SOUTHEAST,90,2018,4280,4338,650,1407,690
MINNESOTA,HUBBARD,27057,NORTH CENTRAL,20,2018,3061,1785,20,204,0
MINNESOTA,ISANTI,27059,EAST CENTRAL,60,2018,2291,2264,55,649,0
MINNESOTA,ITASCA,27061,NORTH CENTRAL,20,2018,176,119,0,66,225
MINNESOTA,JACKSON,27063,SOUTHWEST,70,2018,4785,8424,6005,753,3166
MINNESOTA,KANABEC,27065,EAST CENTRAL,60,2018,3939,3893,0,1576,0
MINNESOTA,KANDIYOHI,27067,CENTRAL,50,2018,14317,6293,401,8124,3445
MINNESOTA,KITTSON,27069,NORTHWEST,10,2018,24052,4160,3827,0,0
MINNESOTA,KOOCHICHING,27071,NORTH CENTRAL,20,2018,1,1,0,0,0
MINNESOTA,LAC QUI PARLE,27073,WEST CENTRAL,40,2018,13359,9132,3793,7706,2790
MINNESOTA,LAKE,27075,NORTHEAST,30,2018,0,0,26,0,0
MINNESOTA,LAKE OF THE WOODS,27077,NORTH CENTRAL,20,2018,3582,4128,2120,613,0
MINNESOTA,LE SUEUR,27079,SOUTH CENTRAL,80,2018,3746,18218,2560,1203,7271
MINNESOTA,LINCOLN,27081,SOUTHWEST,70,2018,2395,4320,554,8383,2643
MINNESOTA,LYON,27083,SOUTHWEST,70,2018,15612,9558,111,10578,3936
MINNESOTA,MCLEOD,27085,CENTRAL,50,2018,17171,8816,262,8251,2051
MINNESOTA,MAHNOMEN,27087,NORTHWEST,10,2018,4176,1709,679,0,0
MINNESOTA,MARSHALL,27089,NORTHWEST,10,2018,39249,11264,16406,0,5091
MINNESOTA,MARTIN,27091,SOUTH CENTRAL,80,2018,4898,17611,15691,294,9159
MINNESOTA,MEEKER,27093,CENTRAL,50,2018,11700,9704,1733,6733,3637
MINNESOTA,MILLE LACS,27095,EAST CENTRAL,60,2018,2761,2633,48,730,447
MINNESOTA,MORRISON,27097,CENTRAL,50,2018,11379,7562,119,1643,950
MINNESOTA,MOWER,27099,SOUTHEAST,90,2018,3883,11669,4419,715,9246
MINNESOTA,MURRAY,27101,SOUTHWEST,70,2018,15533,10025,137,11097,1932
MINNESOTA,NICOLLET,27103,SOUTH CENTRAL,80,2018,4676,3590,5516,1960,4036
MINNESOTA,NOBLES,27105,SOUTHWEST,70,2018,7478,6605,5981,239,69
MINNESOTA,NORMAN,27107,NORTHWEST,10,2018,29841,8106,10121,0,276
MINNESOTA,OLMSTED,27109,SOUTHEAST,90,2018,5953,7250,2113,1498,705
MINNESOTA,OTTER TAIL,27111,WEST CENTRAL,40,2018,11708,6817,2196,3340,27
MINNESOTA,PENNINGTON,27113,NORTHWEST,10,2018,15683,10388,5514,0,2392
MINNESOTA,PINE,27115,EAST CENTRAL,60,2018,1085,1434,7,493,0
MINNESOTA,PIPESTONE,27117,SOUTHWEST,70,2018,9227,8959,3284,2589,652
MINNESOTA,POLK,27119,NORTHWEST,10,2018,37168,13368,16301,54,7442
MINNESOTA,POPE,27121,WEST CENTRAL,40,2018,3277,2687,613,2707,1388
MINNESOTA,RAMSEY,27123,EAST CENTRAL,60,2018,8999,0,0,0,0
MINNESOTA,RED LAKE,27125,NORTHWEST,10,2018,10232,6035,3143,0,1270
MINNESOTA,REDWOOD,27127,SOUTHWEST,70,2018,11527,10300,34,14451,7794
MINNESOTA,RENVILLE,27129,CENTRAL,50,2018,20413,8566,788,11436,6367
MINNESOTA,RICE,27131,SOUTH CENTRAL,80,2018,3999,7888,1442,607,2674
MINNESOTA,ROCK,27133,SOUTHWEST,70,2018,10361,6515,2347,4783,851
MINNESOTA,ROSEAU,27135,NORTHWEST,10,2018,15772,11645,8093,184,1295
MINNESOTA,ST. LOUIS,27137,NORTHEAST,30,2018,563,209,455,1,0
MINNESOTA,SCOTT,27139,CENTRAL,50,2018,1107,1118,0,872,1670
MINNESOTA,SHERBURNE,27141,CENTRAL,50,2018,8499,8022,319,2735,1137
MINNESOTA,SIBLEY,27143,CENTRAL,50,2018,19561,10921,1782,8909,3712
MINNESOTA,STEARNS,27145,CENTRAL,50,2018,19418,13406,5263,3110,2008
MINNESOTA,STEELE,27147,SOUTH CENTRAL,80,2018,5343,7675,4285,1127,2666
MINNESOTA,STEVENS,27149,WEST CENTRAL,40,2018,12996,5192,5035,5569,3578
MINNESOTA,SWIFT,27151,WEST CENTRAL,40,2018,15017,9581,7253,5598,4468
MINNESOTA,TODD,27153,CENTRAL,50,2018,4148,3949,0,516,0
MINNESOTA,TRAVERSE,27155,WEST CENTRAL,40,2018,14487,4120,5105,3834,41
MINNESOTA,WABASHA,27157,SOUTHEAST,90,2018,3970,4470,344,2170,1550
MINNESOTA,WADENA,27159,CENTRAL,50,2018,5211,4446,0,1322,0
MINNESOTA,WASECA,27161,SOUTH CENTRAL,80,2018,4462,8892,3686,729,4807
MINNESOTA,WASHINGTON,27163,EAST CENTRAL,60,2018,2376,2022,69,1365,524
MINNESOTA,WATONWAN,27165,SOUTH CENTRAL,80,2018,5844,7589,4753,112,2946
MINNESOTA,WILKIN,27167,WEST CENTRAL,40,2018,21114,4709,6582,2109,740
MINNESOTA,WINONA,27169,SOUTHEAST,90,2018,10153,9914,915,4043,1014
MINNESOTA,WRIGHT,27171,CENTRAL,50,2018,15086,8277,1627,7866,2572
MINNESOTA,YELLOW MEDICINE,27173,WEST CENTRAL,40,2018,16163,11382,3066,12749,5622
MINNESOTA,AITKIN,27001,EAST CENTRAL,60,2017,550,480,150,0,0
MINNESOTA,ANOKA,27003,EAST CENTRAL,60,2017,4,52,10,0,0
MINNESOTA,BECKER,27005,NORTHWEST,10,2017,10462,3844,4502,61,26
MINNESOTA,BELTRAMI,27007,NORTH CENTRAL,20,2017,1314,2234,376,1129,0
MINNESOTA,BENTON,27009,CENTRAL,50,2017,1546,1733,84,376,489
MINNESOTA,BIG STONE,27011,WEST CENTRAL,40,2017,10352,4251,1009,1247,85
MINNESOTA,BLUE EARTH,27013,SOUTH CENTRAL,80,2017,26882,24212,10624,1607,14439
MINNESOTA,BROWN,27015,SOUTH CENTRAL,80,2017,27889,20092,339,22667,5175
MINNESOTA,CARLTON,27017,EAST CENTRAL,60,2017,251,386,32,24,0
MINNESOTA,CARVER,27019,CENTRAL,50,2017,4217,2026,0,2377,474
MINNESOTA,CASS,27021,NORTH CENTRAL,20,2017,103,0,24,0,0
MINNESOTA,CHIPPEWA,27023,WEST CENTRAL,40,2017,13307,6431,1531,7433,2079
MINNESOTA,CHISAGO,27025,EAST CENTRAL,60,2017,5257,5768,0,1724,220
MINNESOTA,CLAY,27027,NORTHWEST,10,2017,40543,11123,13687,795,223
MINNESOTA,CLEARWATER,27029,NORTHWEST,10,2017,852,1153,596,92,0
MINNESOTA,COOK,27031,NORTHEAST,30,2017,0,0,0,0,0
MINNESOTA,COTTONWOOD,27033,SOUTHWEST,70,2017,12262,11692,2020,11577,4186
MINNESOTA,CROW WING,27035,EAST CENTRAL,60,2017,0,0,0,0,0
MINNESOTA,DAKOTA,27037,SOUTHEAST,90,2017,7684,7176,1242,5080,3076
MINNESOTA,DODGE,27039,SOUTHEAST,90,2017,3544,6367,2031,221,2692
MINNESOTA,DOUGLAS,27041,WEST CENTRAL,40,2017,4863,3171,298,2583,516
MINNESOTA,FARIBAULT,27043,SOUTH CENTRAL,80,2017,4869,16352,8198,698,9617
MINNESOTA,FILLMORE,27045,SOUTHEAST,90,2017,12832,13793,1471,5997,3208
MINNESOTA,FREEBORN,27047,SOUTH CENTRAL,80,2017,4149,13929,4339,3566,9581
MINNESOTA,GOODHUE,27049,SOUTHEAST,90,2017,28057,33214,5069,11880,8127
MINNESOTA,GRANT,27051,WEST CENTRAL,40,2017,20892,10051,5555,7230,2443
MINNESOTA,HENNEPIN,27053,EAST CENTRAL,60,2017,59,61,0,27,0
MINNESOTA,HOUSTON,27055,SOUTHEAST,90,2017,3172,3968,774,933,637
MINNESOTA,HUBBARD,27057,NORTH CENTRAL,20,2017,2350,959,2,6,0
MINNESOTA,ISANTI,27059,EAST CENTRAL,60,2017,2067,2027,62,798,0
MINNESOTA,ITASCA,27061,NORTH CENTRAL,20,2017,89,0,0,8,0
MINNESOTA,JACKSON,27063,SOUTHWEST,70,2017,3120,11379,3684,2780,2992
MINNESOTA,KANABEC,27065,EAST CENTRAL,60,2017,3969,4162,34,1762,0
MINNESOTA,KANDIYOHI,27067,CENTRAL,50,2017,12817,6478,95,7933,3528
MINNESOTA,KITTSON,27069,NORTHWEST,10,2017,18773,3291,1239,0,277
MINNESOTA,KOOCHICHING,27071,NORTH CENTRAL,20,2017,213,0,0,0,0
MINNESOTA,LAC QUI PARLE,27073,WEST CENTRAL,40,2017,9814,7779,2844,7309,2272
MINNESOTA,LAKE,27075,NORTHEAST,30,2017,0,0,0,0,0
MINNESOTA,LAKE OF THE WOODS,27077,NORTH CENTRAL,20,2017,1490,2640,0,0,0
MINNESOTA,LE SUEUR,27079,SOUTH CENTRAL,80,2017,912,1431,454,517,4209
MINNESOTA,LINCOLN,27081,SOUTHWEST,70,2017,10509,5499,282,2949,325
MINNESOTA,LYON,27083,SOUTHWEST,70,2017,18565,10935,223,10580,4005
MINNESOTA,MCLEOD,27085,CENTRAL,50,2017,13117,4140,139,8566,756
MINNESOTA,MAHNOMEN,27087,NORTHWEST,10,2017,3496,1973,824,0,0
MINNESOTA,MARSHALL,27089,NORTHWEST,10,2017,26160,10606,15117,0,3828
MINNESOTA,MARTIN,27091,SOUTH CENTRAL,80,2017,3700,12351,9621,613,8166
MINNESOTA,MEEKER,27093,CENTRAL,50,2017,13050,9368,0,1960,4481
MINNESOTA,MILLE LACS,27095,EAST CENTRAL,60,2017,2033,2746,38,615,272
MINNESOTA,MORRISON,27097,CENTRAL,50,2017,10587,7483,89,2144,930
MINNESOTA,MOWER,27099,SOUTHEAST,90,2017,10959,13941,5544,1043,10056
MINNESOTA,MURRAY,27101,SOUTHWEST,70,2017,15111,10727,713,11487,1917
MINNESOTA,NICOLLET,27103,SOUTH CENTRAL,80,2017,3219,2223,124,2030,2286
MINNESOTA,NOBLES,27105,SOUTHWEST,70,2017,8827,8605,6794,996,334
MINNESOTA,NORMAN,27107,NORTHWEST,10,2017,24420,7934,10139,329,574
MINNESOTA,OLMSTED,27109,SOUTHEAST,90,2017,2635,5824,1220,1542,1569
MINNESOTA,OTTER TAIL,27111,WEST CENTRAL,40,2017,10733,5741,2190,3681,871
MINNESOTA,PENNINGTON,27113,NORTHWEST,10,2017,11877,9991,10133,3,2204
MINNESOTA,PINE,27115,EAST CENTRAL,60,2017,586,1087,30,221,0
MINNESOTA,PIPESTONE,27117,SOUTHWEST,70,2017,7132,3845,1556,1190,399
MINNESOTA,POLK,27119,NORTHWEST,10,2017,33783,12805,16820,0,7597
MINNESOTA,POPE,27121,WEST CENTRAL,40,2017,5872,5068,252,3016,2733
MINNESOTA,RAMSEY,27123,EAST CENTRAL,60,2017,27,26,26,0,0
MINNESOTA,RED LAKE,27125,NORTHWEST,10,2017,6350,4736,2676,141,1109
MINNESOTA,REDWOOD,27127,SOUTHWEST,70,2017,11810,9611,49,13509,6073
MINNESOTA,RENVILLE,27129,CENTRAL,50,2017,20668,8769,183,11193,4827
MINNESOTA,RICE,27131,SOUTH CENTRAL,80,2017,2229,3425,1469,455,1261
MINNESOTA,ROCK,27133,SOUTHWEST,70,2017,11897,6548,2317,4815,1301
MINNESOTA,ROSEAU,27135,NORTHWEST,10,2017,11591,10674,8298,74,1243
MINNESOTA,ST. LOUIS,27137,NORTHEAST,30,2017,600,335,440,4,0
MINNESOTA,SCOTT,27139,CENTRAL,50,2017,5181,1092,240,752,706
MINNESOTA,SHERBURNE,27141,CENTRAL,50,2017,9154,5887,115,1777,1011
MINNESOTA,SIBLEY,27143,CENTRAL,50,2017,17431,13868,254,9486,2788
MINNESOTA,STEARNS,27145,CENTRAL,50,2017,23258,17507,5798,3881,2511
MINNESOTA,STEELE,27147,SOUTH CENTRAL,80,2017,5711,7702,3630,1055,2345
MINNESOTA,STEVENS,27149,WEST CENTRAL,40,2017,9697,4657,5486,4406,6037
MINNESOTA,SWIFT,27151,WEST CENTRAL,40,2017,12503,9438,4627,5976,3246
MINNESOTA,TODD,27153,CENTRAL,50,2017,4361,4443,0,911,192
MINNESOTA,TRAVERSE,27155,WEST CENTRAL,40,2017,14078,4136,639,5104,137
MINNESOTA,WABASHA,27157,SOUTHEAST,90,2017,2795,3844,0,2199,1655
MINNESOTA,WADENA,27159,CENTRAL,50,2017,4547,4602,0,1236,0
MINNESOTA,WASECA,27161,SOUTH CENTRAL,80,2017,1044,3201,881,600,2392
MINNESOTA,WASHINGTON,27163,EAST CENTRAL,60,2017,388,502,1,233,0
MINNESOTA,WATONWAN,27165,SOUTH CENTRAL,80,2017,1628,4365,3200,184,2193
MINNESOTA,WILKIN,27167,WEST CENTRAL,40,2017,20546,5036,5463,3278,337
MINNESOTA,WINONA,27169,SOUTHEAST,90,2017,13314,13832,3476,3306,1261
MINNESOTA,WRIGHT,27171,CENTRAL,50,2017,12731,9723,871,4045,2778
MINNESOTA,YELLOW MEDICINE,27173,WEST CENTRAL,40,2017,17735,10853,3103,11997,4882
MINNESOTA,AITKIN,27001,EAST CENTRAL,60,2016,6020,6105,764,2701,0
MINNESOTA,ANOKA,27003,EAST CENTRAL,60,2016,0,0,0,0,0
MINNESOTA,BECKER,27005,NORTHWEST,10,2016,5138,1812,1095,80,0
MINNESOTA,BELTRAMI,27007,NORTH CENTRAL,20,2016,2166,2068,281,1152,0
MINNESOTA,BENTON,27009,CENTRAL,50,2016,3455,2984,214,629,539
MINNESOTA,BIG STONE,27011,WEST CENTRAL,40,2016,11227,3452,1104,1838,210
MINNESOTA,BLUE EARTH,27013,SOUTH CENTRAL,80,2016,8137,14606,9850,477,4283
MINNESOTA,BROWN,27015,SOUTH CENTRAL,80,2016,31703,19535,291,22924,6453
MINNESOTA,CARLTON,27017,EAST CENTRAL,60,2016,225,343,0,80,0
MINNESOTA,CARVER,27019,CENTRAL,50,2016,3874,2667,9,1988,583
MINNESOTA,CASS,27021,NORTH CENTRAL,20,2016,0,0,0,0,0
MINNESOTA,CHIPPEWA,27023,WEST CENTRAL,40,2016,14183,6195,831,7999,2866
MINNESOTA,CHISAGO,27025,EAST CENTRAL,60,2016,6194,5265,2,1638,262
MINNESOTA,CLAY,27027,NORTHWEST,10,2016,44597,12053,13869,893,747
MINNESOTA,CLEARWATER,27029,NORTHWEST,10,2016,515,1202,442,0,0
MINNESOTA,COOK,27031,NORTHEAST,30,2016,0,0,0,0,0
MINNESOTA,COTTONWOOD,27033,SOUTHWEST,70,2016,10258,9736,2400,10643,4180
MINNESOTA,CROW WING,27035,EAST CENTRAL,60,2016,0,0,0,0,0
MINNESOTA,DAKOTA,27037,SOUTHEAST,90,2016,9083,9361,838,4468,4988
MINNESOTA,DODGE,27039,SOUTHEAST,90,2016,3188,5616,1874,52,3529
MINNESOTA,DOUGLAS,27041,WEST CENTRAL,40,2016,5097,2449,12,2148,515
MINNESOTA,FARIBAULT,27043,SOUTH CENTRAL,80,2016,4746,15007,7999,993,12498
MINNESOTA,FILLMORE,27045,SOUTHEAST,90,2016,11119,12305,2383,3649,4771
MINNESOTA,FREEBORN,27047,SOUTH CENTRAL,80,2016,8589,15942,2759,5684,9712
MINNESOTA,GOODHUE,27049,SOUTHEAST,90,2016,23214,32879,687,9522,8304
MINNESOTA,GRANT,27051,WEST CENTRAL,40,2016,22110,10781,3475,8248,4176
MINNESOTA,HENNEPIN,27053,EAST CENTRAL,60,2016,5,133,2,0,0
MINNESOTA,HOUSTON,27055,SOUTHEAST,90,2016,3659,4002,1378,961,755
MINNESOTA,HUBBARD,27057,NORTH CENTRAL,20,2016,2115,1140,0,0,0
MINNESOTA,ISANTI,27059,EAST CENTRAL,60,2016,2547,1987,133,869,0
MINNESOTA,ITASCA,27061,NORTH CENTRAL,20,2016,222,167,5,75,0
MINNESOTA,JACKSON,27063,SOUTHWEST,70,2016,4314,6068,1443,4659,3441
MINNESOTA,KANABEC,27065,EAST CENTRAL,60,2016,3235,2681,26,932,0
MINNESOTA,KANDIYOHI,27067,CENTRAL,50,2016,11390,6942,102,8185,4546
MINNESOTA,KITTSON,27069,NORTHWEST,10,2016,16661,2449,1114,0,685
MINNESOTA,KOOCHICHING,27071,NORTH CENTRAL,20,2016,0,0,0,0,0
MINNESOTA,LAC QUI PARLE,27073,WEST CENTRAL,40,2016,10847,6269,1159,5529,2715
MINNESOTA,LAKE,27075,NORTHEAST,30,2016,0,0,0,0,0
MINNESOTA,LAKE OF THE WOODS,27077,NORTH CENTRAL,20,2016,1875,1726,0,0,0
MINNESOTA,LE SUEUR,27079,SOUTH CENTRAL,80,2016,1240,1165,26,886,8470
MINNESOTA,LINCOLN,27081,SOUTHWEST,70,2016,15863,6478,566,910,214
MINNESOTA,LYON,27083,SOUTHWEST,70,2016,19357,10002,444,11166,4536
MINNESOTA,MCLEOD,27085,CENTRAL,50,2016,7683,5614,752,4832,1763
MINNESOTA,MAHNOMEN,27087,NORTHWEST,10,2016,3457,1843,944,0,0
MINNESOTA,MARSHALL,27089,NORTHWEST,10,2016,30311,10245,17299,0,5951
MINNESOTA,MARTIN,27091,SOUTH CENTRAL,80,2016,4937,13924,11108,899,7427
MINNESOTA,MEEKER,27093,CENTRAL,50,2016,14840,9500,0,3353,5535
MINNESOTA,MILLE LACS,27095,EAST CENTRAL,60,2016,1736,1708,0,371,438
MINNESOTA,MORRISON,27097,CENTRAL,50,2016,8670,5701,59,2230,1012
MINNESOTA,MOWER,27099,SOUTHEAST,90,2016,3912,10743,4249,555,9133
MINNESOTA,MURRAY,27101,SOUTHWEST,70,2016,17193,10888,81,12787,1798
MINNESOTA,NICOLLET,27103,SOUTH CENTRAL,80,2016,5704,3475,1000,2875,4049
MINNESOTA,NOBLES,27105,SOUTHWEST,70,2016,9891,9742,6021,1016,2592
MINNESOTA,NORMAN,27107,NORTHWEST,10,2016,24459,7683,8928,0,511
MINNESOTA,OLMSTED,27109,SOUTHEAST,90,2016,4759,7285,888,1606,1769
MINNESOTA,OTTER TAIL,27111,WEST CENTRAL,40,2016,15898,7726,5562,3345,411
MINNESOTA,PENNINGTON,27113,NORTHWEST,10,2016,11612,8187,9533,160,2289
MINNESOTA,PINE,27115,EAST CENTRAL,60,2016,872,1295,0,261,0
MINNESOTA,PIPESTONE,27117,SOUTHWEST,70,2016,8665,4331,1704,1346,365
MINNESOTA,POLK,27119,NORTHWEST,10,2016,40660,9920,14574,0,8677
MINNESOTA,POPE,27121,WEST CENTRAL,40,2016,5409,4697,127,4026,2673
MINNESOTA,RAMSEY,27123,EAST CENTRAL,60,2016,473,0,106,0,0
MINNESOTA,RED LAKE,27125,NORTHWEST,10,2016,5117,4961,2316,174,3206
MINNESOTA,REDWOOD,27127,SOUTHWEST,70,2016,10831,9461,36,13206,8107
MINNESOTA,RENVILLE,27129,CENTRAL,50,2016,21131,9312,268,11023,6156
MINNESOTA,RICE,27131,SOUTH CENTRAL,80,2016,4535,4303,944,701,1668
MINNESOTA,ROCK,27133,SOUTHWEST,70,2016,12540,8447,2179,5339,1703
MINNESOTA,ROSEAU,27135,NORTHWEST,10,2016,13581,9127,7910,0,1177
MINNESOTA,ST. LOUIS,27137,NORTHEAST,30,2016,915,237,1,16,0
MINNESOTA,SCOTT,27139,CENTRAL,50,2016,1197,1230,0,906,2571
MINNESOTA,SHERBURNE,27141,CENTRAL,50,2016,5149,3988,105,1346,1435
MINNESOTA,SIBLEY,27143,CENTRAL,50,2016,25127,12797,99,12701,3657
MINNESOTA,STEARNS,27145,CENTRAL,50,2016,19606,12170,50,3022,3966
MINNESOTA,STEELE,27147,SOUTH CENTRAL,80,2016,10526,12014,3932,939,3550
MINNESOTA,STEVENS,27149,WEST CENTRAL,40,2016,10850,5584,2882,8745,4976
MINNESOTA,SWIFT,27151,WEST CENTRAL,40,2016,10457,9996,1356,8396,4734
MINNESOTA,TODD,27153,CENTRAL,50,2016,4918,4990,12,1018,280
MINNESOTA,TRAVERSE,27155,WEST CENTRAL,40,2016,13436,3303,1099,5579,84
MINNESOTA,WABASHA,27157,SOUTHEAST,90,2016,3192,4561,72,4439,2000
MINNESOTA,WADENA,27159,CENTRAL,50,2016,4712,4697,0,1315,0
MINNESOTA,WASECA,27161,SOUTH CENTRAL,80,2016,7611,9910,4194,686,7311
MINNESOTA,WASHINGTON,27163,EAST CENTRAL,60,2016,1886,4859,0,1235,571
MINNESOTA,WATONWAN,27165,SOUTH CENTRAL,80,2016,6528,7747,4259,171,6178
MINNESOTA,WILKIN,27167,WEST CENTRAL,40,2016,21871,4612,4004,5122,725
MINNESOTA,WINONA,27169,SOUTHEAST,90,2016,13190,10923,135,3082,1630
MINNESOTA,WRIGHT,27171,CENTRAL,50,2016,5921,2561,321,1925,2215
MINNESOTA,YELLOW MEDICINE,27173,WEST CENTRAL,40,2016,16143,12232,3648,11059,6645
MINNESOTA,AITKIN,27001,EAST CENTRAL,60,2015,662,512,150,0,0
MINNESOTA,ANOKA,27003,EAST CENTRAL,60,2015,0,0,0,0,0
MINNESOTA,BECKER,27005,NORTHWEST,10,2015,9744,3297,4107,79,89
MINNESOTA,BELTRAMI,27007,NORTH CENTRAL,20,2015,1698,1802,188,1128,0
MINNESOTA,BENTON,27009,CENTRAL,50,2015,758,694,0,179,780
MINNESOTA,BIG STONE,27011,WEST CENTRAL,40,2015,9211,2705,261,1416,176
MINNESOTA,BLUE EARTH,27013,SOUTH CENTRAL,80,2015,904,1199,478,433,3662
MINNESOTA,BROWN,27015,SOUTH CENTRAL,80,2015,27106,18982,138,21731,8021
MINNESOTA,CARLTON,27017,EAST CENTRAL,60,2015,0,0,0,0,0
MINNESOTA,CARVER,27019,CENTRAL,50,2015,4417,3243,11,2310,535
MINNESOTA,CASS,27021,NORTH CENTRAL,20,2015,51,36,0,8,0
MINNESOTA,CHIPPEWA,27023,WEST CENTRAL,40,2015,13892,4896,1309,7502,4461
MINNESOTA,CHISAGO,27025,EAST CENTRAL,60,2015,6156,5468,0,1810,90
MINNESOTA,CLAY,27027,NORTHWEST,10,2015,40292,11157,13734,966,1151
MINNESOTA,CLEARWATER,27029,NORTHWEST,10,2015,403,668,0,0,0
MINNESOTA,COOK,27031,NORTHEAST,30,2015,0,0,0,24,0
MINNESOTA,COTTONWOOD,27033,SOUTHWEST,70,2015,11990,12452,1709,14000,5638
MINNESOTA,CROW WING,27035,EAST CENTRAL,60,2015,0,0,0,544,0
MINNESOTA,DAKOTA,27037,SOUTHEAST,90,2015,9667,7361,581,3865,4463
MINNESOTA,DODGE,27039,SOUTHEAST,90,2015,3624,7244,1240,55,3438
MINNESOTA,DOUGLAS,27041,WEST CENTRAL,40,2015,5206,2206,591,2770,239
MINNESOTA,FARIBAULT,27043,SOUTH CENTRAL,80,2015,3390,11.491,6918,895,14205
MINNESOTA,FILLMORE,27045,SOUTHEAST,90,2015,13274,12924,1502,4054,2276
MINNESOTA,FREEBORN,27047,SOUTH CENTRAL,80,2015,6534,11551,4052,2515,9486
MINNESOTA,GOODHUE,27049,SOUTHEAST,90,2015,22877,26186,976,9082,11692
MINNESOTA,GRANT,27051,WEST CENTRAL,40,2015,21264,7512,1567,10820,1983
MINNESOTA,HENNEPIN,27053,EAST CENTRAL,60,2015,246,0,0,0,0
MINNESOTA,HOUSTON,27055,SOUTHEAST,90,2015,5136,4640,229,1565,861
MINNESOTA,HUBBARD,27057,NORTH CENTRAL,20,2015,3173,1918,0,26,0
MINNESOTA,ISANTI,27059,EAST CENTRAL,60,2015,2369,2239,0,804,0
MINNESOTA,ITASCA,27061,NORTH CENTRAL,20,2015,267,176,0,98,0
MINNESOTA,JACKSON,27063,SOUTHWEST,70,2015,3554,6318,758,5558,3394
MINNESOTA,KANABEC,27065,EAST CENTRAL,60,2015,3505,3455,421,893,0
MINNESOTA,KANDIYOHI,27067,CENTRAL,50,2015,9247,5878,488,7438,5057
MINNESOTA,KITTSON,27069,NORTHWEST,10,2015,19050,2841,1230,0,741
MINNESOTA,KOOCHICHING,27071,NORTH CENTRAL,20,2015,1,0,0,0,0
MINNESOTA,LAC QUI PARLE,27073,WEST CENTRAL,40,2015,11377,7072,1854,6682,4293
MINNESOTA,LAKE,27075,NORTHEAST,30,2015,1,0,0,0,0
MINNESOTA,LAKE OF THE WOODS,27077,NORTH CENTRAL,20,2015,1637,689,0,0,0
MINNESOTA,LE SUEUR,27079,SOUTH CENTRAL,80,2015,836,9604,0,736,4012
MINNESOTA,LINCOLN,27081,SOUTHWEST,70,2015,6801,2703,432,3404,102
MINNESOTA,LYON,27083,SOUTHWEST,70,2015,18862,8272,240,8914,2376
MINNESOTA,MCLEOD,27085,CENTRAL,50,2015,7232,5628,306,5395,1500
MINNESOTA,MAHNOMEN,27087,NORTHWEST,10,2015,2820,1132,264,0,0
MINNESOTA,MARSHALL,27089,NORTHWEST,10,2015,33644,9664,14893,0,7449
MINNESOTA,MARTIN,27091,SOUTH CENTRAL,80,2015,2357,11165,8984,618,8476
MINNESOTA,MEEKER,27093,CENTRAL,50,2015,14796,9800,374,3909,5450
MINNESOTA,MILLE LACS,27095,EAST CENTRAL,60,2015,4949,4502,0,980,562
MINNESOTA,MORRISON,27097,CENTRAL,50,2015,9078,8124,54,1621,984
MINNESOTA,MOWER,27099,SOUTHEAST,90,2015,3022,9479,3481,370,8995
MINNESOTA,MURRAY,27101,SOUTHWEST,70,2015,12412,7958,247,8920,1156
MINNESOTA,NICOLLET,27103,SOUTH CENTRAL,80,2015,2990,2034,40,2180,3511
MINNESOTA,NOBLES,27105,SOUTHWEST,70,2015,8551,8827,6460,1446,3850
MINNESOTA,NORMAN,27107,NORTHWEST,10,2015,21559,5768,7087,0,391
MINNESOTA,OLMSTED,27109,SOUTHEAST,90,2015,7809,7895,912,2729,1927
MINNESOTA,OTTER TAIL,27111,WEST CENTRAL,40,2015,11319,7870,87,6067,546
MINNESOTA,PENNINGTON,27113,NORTHWEST,10,2015,14039,7964,9061,58,2452
MINNESOTA,PINE,27115,EAST CENTRAL,60,2015,1105,969,0,345,0
MINNESOTA,PIPESTONE,27117,SOUTHWEST,70,2015,15279,6414,1062,1237,202
MINNESOTA,POLK,27119,NORTHWEST,10,2015,24763,9189,11898,0,14967
MINNESOTA,POPE,27121,WEST CENTRAL,40,2015,8570,5276,2222,3118,2459
MINNESOTA,RAMSEY,27123,EAST CENTRAL,60,2015,2181,0,26,265,0
MINNESOTA,RED LAKE,27125,NORTHWEST,10,2015,7199,5285,2927,198,1254
MINNESOTA,REDWOOD,27127,SOUTHWEST,70,2015,10388,11223,0,17430,9637
MINNESOTA,RENVILLE,27129,CENTRAL,50,2015,18530,5998,389,9477,6143
MINNESOTA,RICE,27131,SOUTH CENTRAL,80,2015,3401,2777,1543,560,4626
MINNESOTA,ROCK,27133,SOUTHWEST,70,2015,14886,7482,2296,6273,2250
MINNESOTA,ROSEAU,27135,NORTHWEST,10,2015,16057,9096,7753,0,2009
MINNESOTA,ST. LOUIS,27137,NORTHEAST,30,2015,63,0,431,203,0
MINNESOTA,SCOTT,27139,CENTRAL,50,2015,6391,1104,15,804,2688
MINNESOTA,SHERBURNE,27141,CENTRAL,50,2015,4321,2704,0,1335,1393
MINNESOTA,SIBLEY,27143,CENTRAL,50,2015,20518,13099,6003,13856,4823
MINNESOTA,STEARNS,27145,CENTRAL,50,2015,19548,19814,738,3229,4339
MINNESOTA,STEELE,27147,SOUTH CENTRAL,80,2015,6663,9194,3983,1275,3525
MINNESOTA,STEVENS,27149,WEST CENTRAL,40,2015,10843,5141,2038,8935,4927
MINNESOTA,SWIFT,27151,WEST CENTRAL,40,2015,9455,8372,3093,8884,2927
MINNESOTA,TODD,27153,CENTRAL,50,2015,5620,5326,0,1129,236
MINNESOTA,TRAVERSE,27155,WEST CENTRAL,40,2015,15565,3365,1454,5883,42
MINNESOTA,WABASHA,27157,SOUTHEAST,90,2015,2650,3977,395,1426,2251
MINNESOTA,WADENA,27159,CENTRAL,50,2015,4594,4092,0,883,79
MINNESOTA,WASECA,27161,SOUTH CENTRAL,80,2015,1270,6254,731,585,2698
MINNESOTA,WASHINGTON,27163,EAST CENTRAL,60,2015,1660,1942,0,1382,958
MINNESOTA,WATONWAN,27165,SOUTH CENTRAL,80,2015,16763,15080,7721,101,12124
MINNESOTA,WILKIN,27167,WEST CENTRAL,40,2015,20599,4148,1992,7960,828
MINNESOTA,WINONA,27169,SOUTHEAST,90,2015,6538,7379,146,2673,1645
MINNESOTA,WRIGHT,27171,CENTRAL,50,2015,11195,9339,106,5254,2531
MINNESOTA,YELLOW MEDICINE,27173,WEST CENTRAL,40,2015,16960,9881,1142,12822,8700
MINNESOTA,AITKIN,27001,EAST CENTRAL,60,2014,779,650,250,0,0
MINNESOTA,ANOKA,27003,EAST CENTRAL,60,2014,4,0,2,0,0
MINNESOTA,BECKER,27005,NORTHWEST,10,2014,7069,2923,1643,80,45
MINNESOTA,BELTRAMI,27007,NORTH CENTRAL,20,2014,1519,1761,46,891,0
MINNESOTA,BENTON,27009,CENTRAL,50,2014,3,28,0,0,535
MINNESOTA,BIG STONE,27011,WEST CENTRAL,40,2014,9459,2891,823,1681,179
MINNESOTA,BLUE EARTH,27013,SOUTH CENTRAL,80,2014,8910,6480,3249,972,7483
MINNESOTA,BROWN,27015,SOUTH CENTRAL,80,2014,26071,21191,225,25968,6658
MINNESOTA,CARLTON,27017,EAST CENTRAL,60,2014,126,163,0,26,0
MINNESOTA,CARVER,27019,CENTRAL,50,2014,4044,3881,0,2621,2879
MINNESOTA,CASS,27021,NORTH CENTRAL,20,2014,0,0,0,0,0
MINNESOTA,CHIPPEWA,27023,WEST CENTRAL,40,2014,14407,6336,1826,8292,2712
MINNESOTA,CHISAGO,27025,EAST CENTRAL,60,2014,5188,4306,0,1349,360
MINNESOTA,CLAY,27027,NORTHWEST,10,2014,30989,9324,11411,145,922
MINNESOTA,CLEARWATER,27029,NORTHWEST,10,2014,380,498,0,0,0
MINNESOTA,COOK,27031,NORTHEAST,30,2014,2500,0,400,0,0
MINNESOTA,COTTONWOOD,27033,SOUTHWEST,70,2014,5387,8462,2178,7742,3970
MINNESOTA,CROW WING,27035,EAST CENTRAL,60,2014,0,0,0,487,0
MINNESOTA,DAKOTA,27037,SOUTHEAST,90,2014,7929,7660,522,4216,3912
MINNESOTA,DODGE,27039,SOUTHEAST,90,2014,11661,7539,3922,113,4165
MINNESOTA,DOUGLAS,27041,WEST CENTRAL,40,2014,3543,2718,76,2916,147
MINNESOTA,FARIBAULT,27043,SOUTH CENTRAL,80,2014,3262,15067,9737,850,11616
MINNESOTA,FILLMORE,27045,SOUTHEAST,90,2014,14597,16197,2347,5638,4283
MINNESOTA,FREEBORN,27047,SOUTH CENTRAL,80,2014,4131,14429,7768,2894,12056
MINNESOTA,GOODHUE,27049,SOUTHEAST,90,2014,19990,30190,816,10089,10933
MINNESOTA,GRANT,27051,WEST CENTRAL,40,2014,19531,8787,1584,9075,1800
MINNESOTA,HENNEPIN,27053,EAST CENTRAL,60,2014,3,269,99,0,39
MINNESOTA,HOUSTON,27055,SOUTHEAST,90,2014,5100,4466,229,1873,959
MINNESOTA,HUBBARD,27057,NORTH CENTRAL,20,2014,3184,1192,0,250,0
MINNESOTA,ISANTI,27059,EAST CENTRAL,60,2014,2102,1789,0,629,0
MINNESOTA,ITASCA,27061,NORTH CENTRAL,20,2014,199,166,0,34,0
MINNESOTA,JACKSON,27063,SOUTHWEST,70,2014,3240,8261,1134,7243,4548
MINNESOTA,KANABEC,27065,EAST CENTRAL,60,2014,1726,1580,0,662,0
MINNESOTA,KANDIYOHI,27067,CENTRAL,50,2014,9358,4443,435,9349,5951
MINNESOTA,KITTSON,27069,NORTHWEST,10,2014,26121,2724,3339,0,1873
MINNESOTA,KOOCHICHING,27071,NORTH CENTRAL,20,2014,0,0,0,0,0
MINNESOTA,LAC QUI PARLE,27073,WEST CENTRAL,40,2014,11837,4879,2557,6902,5649
MINNESOTA,LAKE,27075,NORTHEAST,30,2014,,0,0,0,0
MINNESOTA,LAKE OF THE WOODS,27077,NORTH CENTRAL,20,2014,1254,1274,903,0,0
MINNESOTA,LE SUEUR,27079,SOUTH CENTRAL,80,2014,1073,1221,0,822,4067
MINNESOTA,LINCOLN,27081,SOUTHWEST,70,2014,8257,3710,293,4190,485
MINNESOTA,LYON,27083,SOUTHWEST,70,2014,17275,8914,215,10154,5305
MINNESOTA,MCLEOD,27085,CENTRAL,50,2014,6050,5785,479,5644,3063
MINNESOTA,MAHNOMEN,27087,NORTHWEST,10,2014,2231,1154,303,0,0
MINNESOTA,MARSHALL,27089,NORTHWEST,10,2014,31480,5963,14654,26,6630
MINNESOTA,MARTIN,27091,SOUTH CENTRAL,80,2014,1957,8048,6315,952,9014
MINNESOTA,MEEKER,27093,CENTRAL,50,2014,13572,11610,364,2648,8485
MINNESOTA,MILLE LACS,27095,EAST CENTRAL,60,2014,1691,1576,0,396,420
MINNESOTA,MORRISON,27097,CENTRAL,50,2014,7343,7365,172,1217,913
MINNESOTA,MOWER,27099,SOUTHEAST,90,2014,2492,11018,4992,1447,8831
MINNESOTA,MURRAY,27101,SOUTHWEST,70,2014,13250,9200,730,9782,1652
MINNESOTA,NICOLLET,27103,SOUTH CENTRAL,80,2014,8992,4112,1281,1857,5424
MINNESOTA,NOBLES,27105,SOUTHWEST,70,2014,5708,10499,5815,1758,4650
MINNESOTA,NORMAN,27107,NORTHWEST,10,2014,19325,5309,7966,60,617
MINNESOTA,OLMSTED,27109,SOUTHEAST,90,2014,9062,10880,1381,3205,2187
MINNESOTA,OTTER TAIL,27111,WEST CENTRAL,40,2014,11643,8416,474,6231,1657
MINNESOTA,PENNINGTON,27113,NORTHWEST,10,2014,7727,6640,6706,52,2059
MINNESOTA,PINE,27115,EAST CENTRAL,60,2014,823,770,0,198,0
MINNESOTA,PIPESTONE,27117,SOUTHWEST,70,2014,15990,8204,2397,2205,747
MINNESOTA,POLK,27119,NORTHWEST,10,2014,27739,8949,10961,0,8424
MINNESOTA,POPE,27121,WEST CENTRAL,40,2014,4082,4867,204,3838,3312
MINNESOTA,RAMSEY,27123,EAST CENTRAL,60,2014,1387,0,,0,4
MINNESOTA,RED LAKE,27125,NORTHWEST,10,2014,6210,4602,1858,595,1318
MINNESOTA,REDWOOD,27127,SOUTHWEST,70,2014,21048,21670,14,28775,14999
MINNESOTA,RENVILLE,27129,CENTRAL,50,2014,15175,7968,212,11695,7537
MINNESOTA,RICE,27131,SOUTH CENTRAL,80,2014,5395,7460,1325,686,3342
MINNESOTA,ROCK,27133,SOUTHWEST,70,2014,11975,8192,1961,7213,3410
MINNESOTA,ROSEAU,27135,NORTHWEST,10,2014,13847,7980,6579,0,1537
MINNESOTA,ST. LOUIS,27137,NORTHEAST,30,2014,142,157,374,6,0
MINNESOTA,SCOTT,27139,CENTRAL,50,2014,913,11955,0,771,890
MINNESOTA,SHERBURNE,27141,CENTRAL,50,2014,4180,7570,217,954,1252
MINNESOTA,SIBLEY,27143,CENTRAL,50,2014,13543,12809,8307,12002,4143
MINNESOTA,STEARNS,27145,CENTRAL,50,2014,15869,13498,627,9490,4941
MINNESOTA,STEELE,27147,SOUTH CENTRAL,80,2014,8853,14231,3384,872,4632
MINNESOTA,STEVENS,27149,WEST CENTRAL,40,2014,10212,3810,1654,8566,5208
MINNESOTA,SWIFT,27151,WEST CENTRAL,40,2014,10524,12834,3149,10261,5312
MINNESOTA,TODD,27153,CENTRAL,50,2014,4153,2893,0,626,176
MINNESOTA,TRAVERSE,27155,WEST CENTRAL,40,2014,14093,3038,2240,4513,51
MINNESOTA,WABASHA,27157,SOUTHEAST,90,2014,3589,6220,84,2670,2118
MINNESOTA,WADENA,27159,CENTRAL,50,2014,5106,4997,0,1336,0
MINNESOTA,WASECA,27161,SOUTH CENTRAL,80,2014,4756,8707,3647,501,8446
MINNESOTA,WASHINGTON,27163,EAST CENTRAL,60,2014,1811,2105,0,1433,1100
MINNESOTA,WATONWAN,27165,SOUTH CENTRAL,80,2014,5677,11290,8719,136,8072
MINNESOTA,WILKIN,27167,WEST CENTRAL,40,2014,19622,3573,3492,7008,538
MINNESOTA,WINONA,27169,SOUTHEAST,90,2014,5944,4913,91,1379,1865
MINNESOTA,WRIGHT,27171,CENTRAL,50,2014,7370,9711,0,3489,3036
MINNESOTA,YELLOW MEDICINE,27173,WEST CENTRAL,40,2014,16176,10796,2063,13801,6861
MINNESOTA,AITKIN,27001,EAST CENTRAL,60,2013,750,631,227,0,0
MINNESOTA,ANOKA,27003,EAST CENTRAL,60,2013,1,1,0,0,0
MINNESOTA,BECKER,27005,NORTHWEST,10,2013,8912,3035,3888,105,0
MINNESOTA,BELTRAMI,27007,NORTH CENTRAL,20,2013,2136,1970,67,1177,0
MINNESOTA,BENTON,27009,CENTRAL,50,2013,25,54,0,0,1000
MINNESOTA,BIG STONE,27011,WEST CENTRAL,40,2013,8138,2857,903,1845,1258
MINNESOTA,BLUE EARTH,27013,SOUTH CENTRAL,80,2013,10013,7420,3646,301,5055
MINNESOTA,BROWN,27015,SOUTH CENTRAL,80,2013,29737,26045,649,31169,9446
MINNESOTA,CARLTON,27017,EAST CENTRAL,60,2013,230,147,0,30,0
MINNESOTA,CARVER,27019,CENTRAL,50,2013,3296,3865,0,2692,2046
MINNESOTA,CASS,27021,NORTH CENTRAL,20,2013,0,0,0,0,0
MINNESOTA,CHIPPEWA,27023,WEST CENTRAL,40,2013,13758,6818,1787,9264,4595
MINNESOTA,CHISAGO,27025,EAST CENTRAL,60,2013,5289,5948,0,2018,346
MINNESOTA,CLAY,27027,NORTHWEST,10,2013,45123,13316,14536,277,2240
MINNESOTA,CLEARWATER,27029,NORTHWEST,10,2013,555,985,282,0,49
MINNESOTA,COOK,27031,NORTHEAST,30,2013,0,0,0,0,0
MINNESOTA,COTTONWOOD,27033,SOUTHWEST,70,2013,10659,11914,2084,12609,5401
MINNESOTA,CROW WING,27035,EAST CENTRAL,60,2013,4,0,1,0,0
MINNESOTA,DAKOTA,27037,SOUTHEAST,90,2013,6033,6284,155,3665,3836
MINNESOTA,DODGE,27039,SOUTHEAST,90,2013,2600,9486,3834,720,4775
MINNESOTA,DOUGLAS,27041,WEST CENTRAL,40,2013,4618,3140,274,2217,1565
MINNESOTA,FARIBAULT,27043,SOUTH CENTRAL,80,2013,3252,15835,11005,1142,12312
MINNESOTA,FILLMORE,27045,SOUTHEAST,90,2013,9125,12123,2447,3846,2929
MINNESOTA,FREEBORN,27047,SOUTH CENTRAL,80,2013,19352,48074,18968,13462,25387
MINNESOTA,GOODHUE,27049,SOUTHEAST,90,2013,13873,21926,2,8663,8173
MINNESOTA,GRANT,27051,WEST CENTRAL,40,2013,22736,10267,1530,10592,5206
MINNESOTA,HENNEPIN,27053,EAST CENTRAL,60,2013,57,6,6,0,55
MINNESOTA,HOUSTON,27055,SOUTHEAST,90,2013,4275,3110,140,1392,640
MINNESOTA,HUBBARD,27057,NORTH CENTRAL,20,2013,2292,1349,10,0,0
MINNESOTA,ISANTI,27059,EAST CENTRAL,60,2013,2181,2578,0,965,0
MINNESOTA,ITASCA,27061,NORTH CENTRAL,20,2013,141,123,0,33,0
MINNESOTA,JACKSON,27063,SOUTHWEST,70,2013,2748,8348,632,8228,5098
MINNESOTA,KANABEC,27065,EAST CENTRAL,60,2013,2783,2447,0,1105,0
MINNESOTA,KANDIYOHI,27067,CENTRAL,50,2013,9574,8165,842,9532,8789
MINNESOTA,KITTSON,27069,NORTHWEST,10,2013,19991,2572,3968,0,950
MINNESOTA,KOOCHICHING,27071,NORTH CENTRAL,20,2013,0,0,0,0,0
MINNESOTA,LAC QUI PARLE,27073,WEST CENTRAL,40,2013,11714,8385,1709,7643,3571
MINNESOTA,LAKE,27075,NORTHEAST,30,2013,1,0,0,0,0
MINNESOTA,LAKE OF THE WOODS,27077,NORTH CENTRAL,20,2013,1945,1263,1069,0,0
MINNESOTA,LE SUEUR,27079,SOUTH CENTRAL,80,2013,800,1441,0,919,1337
MINNESOTA,LINCOLN,27081,SOUTHWEST,70,2013,19934,8922,285,4910,704
MINNESOTA,LYON,27083,SOUTHWEST,70,2013,9731,3114,90,5500,778
MINNESOTA,MCLEOD,27085,CENTRAL,50,2013,8067,6491,585,7209,3347
MINNESOTA,MAHNOMEN,27087,NORTHWEST,10,2013,3229,1352,572,27,0
MINNESOTA,MARSHALL,27089,NORTHWEST,10,2013,31676,5764,14097,708,7988
MINNESOTA,MARTIN,27091,SOUTH CENTRAL,80,2013,509,3974,2833,839,4788
MINNESOTA,MEEKER,27093,CENTRAL,50,2013,11729,12524,624,6843,8199
MINNESOTA,MILLE LACS,27095,EAST CENTRAL,60,2013,2216,2022,0,633,514
MINNESOTA,MORRISON,27097,CENTRAL,50,2013,4887,4470,23,1283,950
MINNESOTA,MOWER,27099,SOUTHEAST,90,2013,1488,18312,5794,2276,9041
MINNESOTA,MURRAY,27101,SOUTHWEST,70,2013,12058,5398,113,11511,1604
MINNESOTA,NICOLLET,27103,SOUTH CENTRAL,80,2013,4074,4599,1267,2711,6643
MINNESOTA,NOBLES,27105,SOUTHWEST,70,2013,6269,10399,6482,972,4842
MINNESOTA,NORMAN,27107,NORTHWEST,10,2013,20223,5312,7088,189,505
MINNESOTA,OLMSTED,27109,SOUTHEAST,90,2013,7539,12575,2228,2881,2595
MINNESOTA,OTTER TAIL,27111,WEST CENTRAL,40,2013,11735,7496,263,6296,3197
MINNESOTA,PENNINGTON,27113,NORTHWEST,10,2013,8127,6563,6141,399,2780
MINNESOTA,PINE,27115,EAST CENTRAL,60,2013,618,892,0,191,0
MINNESOTA,PIPESTONE,27117,SOUTHWEST,70,2013,8991,4734,1054,4116,254
MINNESOTA,POLK,27119,NORTHWEST,10,2013,24633,7007,10809,4,10233
MINNESOTA,POPE,27121,WEST CENTRAL,40,2013,4648,5292,364,3396,2859
MINNESOTA,RAMSEY,27123,EAST CENTRAL,60,2013,1,0,0,26,0
MINNESOTA,RED LAKE,27125,NORTHWEST,10,2013,5826,4178,1660,1585,1622
MINNESOTA,REDWOOD,27127,SOUTHWEST,70,2013,15931,15390,31,21889,12566
MINNESOTA,RENVILLE,27129,CENTRAL,50,2013,14821,9393,4,14093,8726
MINNESOTA,RICE,27131,SOUTH CENTRAL,80,2013,2369,3910,3163,507,2489
MINNESOTA,ROCK,27133,SOUTHWEST,70,2013,13000,8348,2457,6009,4197
MINNESOTA,ROSEAU,27135,NORTHWEST,10,2013,14884,6886,6300,0,1543
MINNESOTA,ST. LOUIS,27137,NORTHEAST,30,2013,322,167,206,46,0
MINNESOTA,SCOTT,27139,CENTRAL,50,2013,646,1193,0,732,954
MINNESOTA,SHERBURNE,27141,CENTRAL,50,2013,4737,4616,6,1216,886
MINNESOTA,SIBLEY,27143,CENTRAL,50,2013,18285,15826,24,17765,3951
MINNESOTA,STEARNS,27145,CENTRAL,50,2013,17809,11663,4442,4919,3841
MINNESOTA,STEELE,27147,SOUTH CENTRAL,80,2013,3696,8855,6905,788,4492
MINNESOTA,STEVENS,27149,WEST CENTRAL,40,2013,10629,5555,1734,8765,6237
MINNESOTA,SWIFT,27151,WEST CENTRAL,40,2013,10286,11323,5177,9689,8113
MINNESOTA,TODD,27153,CENTRAL,50,2013,3394,3147,0,575,0
MINNESOTA,TRAVERSE,27155,WEST CENTRAL,40,2013,12061,2381,743,5076,11
MINNESOTA,WABASHA,27157,SOUTHEAST,90,2013,2576,5553,67,2496,2153
MINNESOTA,WADENA,27159,CENTRAL,50,2013,3347,4130,10,987,0
MINNESOTA,WASECA,27161,SOUTH CENTRAL,80,2013,3686,8527,3487,751,9001
MINNESOTA,WASHINGTON,27163,EAST CENTRAL,60,2013,1477,2228,4,1299,1079
MINNESOTA,WATONWAN,27165,SOUTH CENTRAL,80,2013,4091,5851,5757,0,5287
MINNESOTA,WILKIN,27167,WEST CENTRAL,40,2013,18132,3935,3732,5866,737
MINNESOTA,WINONA,27169,SOUTHEAST,90,2013,4443,4171,80,1551,1426
MINNESOTA,WRIGHT,27171,CENTRAL,50,2013,6410,8448,0,4995,2573
MINNESOTA,YELLOW MEDICINE,27173,WEST CENTRAL,40,2013,19301,12246,1377,14444,7944
MINNESOTA,AITKIN,27001,EAST CENTRAL,60,2012,915,864,51,187,0
MINNESOTA,ANOKA,27003,EAST CENTRAL,60,2012,14,26,0,9,88
MINNESOTA,BECKER,27005,NORTHWEST,10,2012,5358,1818,3283,151,0
MINNESOTA,BELTRAMI,27007,NORTH CENTRAL,20,2012,1429,1421,9,988,0
MINNESOTA,BENTON,27009,CENTRAL,50,2012,3022,2538,0,500,610
MINNESOTA,BIG STONE,27011,WEST CENTRAL,40,2012,7139,2422,673,2700,1065
MINNESOTA,BLUE EARTH,27013,SOUTH CENTRAL,80,2012,402,1660,1558,178,5768
MINNESOTA,BROWN,27015,SOUTH CENTRAL,80,2012,33677,25706,1121,29967,10658
MINNESOTA,CARLTON,27017,EAST CENTRAL,60,2012,1485,413,0,155,0
MINNESOTA,CARVER,27019,CENTRAL,50,2012,2900,3754,0,2630,2179
MINNESOTA,CASS,27021,NORTH CENTRAL,20,2012,116,0,2,0,0
MINNESOTA,CHIPPEWA,27023,WEST CENTRAL,40,2012,16290,5141,2035,8509,3774
MINNESOTA,CHISAGO,27025,EAST CENTRAL,60,2012,5425,5532,28,1752,744
MINNESOTA,CLAY,27027,NORTHWEST,10,2012,41536,9091,11594,605,2998
MINNESOTA,CLEARWATER,27029,NORTHWEST,10,2012,307,342,28,18,40
MINNESOTA,COOK,27031,NORTHEAST,30,2012,0,0,0,0,0
MINNESOTA,COTTONWOOD,27033,SOUTHWEST,70,2012,10644,11173,1894,12083,5565
MINNESOTA,CROW WING,27035,EAST CENTRAL,60,2012,1304,381,391,32,0
MINNESOTA,DAKOTA,27037,SOUTHEAST,90,2012,4922,6504,692,3440,5731
MINNESOTA,DODGE,27039,SOUTHEAST,90,2012,3281,11232,5892,861,5824
MINNESOTA,DOUGLAS,27041,WEST CENTRAL,40,2012,3991,2657,78,2380,1304
MINNESOTA,FARIBAULT,27043,SOUTH CENTRAL,80,2012,3124,14170,10264,876,16161
MINNESOTA,FILLMORE,27045,SOUTHEAST,90,2012,12621,14394,1591,4602,5775
MINNESOTA,FREEBORN,27047,SOUTH CENTRAL,80,2012,2589,13800,6616,2351,14719
MINNESOTA,GOODHUE,27049,SOUTHEAST,90,2012,12898,20305,525,10384,9638
MINNESOTA,GRANT,27051,WEST CENTRAL,40,2012,22024,6377,1035,12267,2436
MINNESOTA,HENNEPIN,27053,EAST CENTRAL,60,2012,2671,121,3,126,49
MINNESOTA,HOUSTON,27055,SOUTHEAST,90,2012,4900,2860,0,632,861
MINNESOTA,HUBBARD,27057,NORTH CENTRAL,20,2012,3611,1072,0,0,0
MINNESOTA,ISANTI,27059,EAST CENTRAL,60,2012,2475,2932,0,796,19
MINNESOTA,ITASCA,27061,NORTH CENTRAL,20,2012,52,67,0,23,0
MINNESOTA,JACKSON,27063,SOUTHWEST,70,2012,2744,7624,220,8174,5317
MINNESOTA,KANABEC,27065,EAST CENTRAL,60,2012,2700,2448,0,1770,0
MINNESOTA,KANDIYOHI,27067,CENTRAL,50,2012,8150,6772,713,7282,8516
MINNESOTA,KITTSON,27069,NORTHWEST,10,2012,18265,1580,3697,0,1566
MINNESOTA,KOOCHICHING,27071,NORTH CENTRAL,20,2012,0,0,0,0,0
MINNESOTA,LAC QUI PARLE,27073,WEST CENTRAL,40,2012,14133,6618,2.354,7531,2793
MINNESOTA,LAKE,27075,NORTHEAST,30,2012,1,1,0,0,0
MINNESOTA,LAKE OF THE WOODS,27077,NORTH CENTRAL,20,2012,2882,1009,877,0,0
MINNESOTA,LE SUEUR,27079,SOUTH CENTRAL,80,2012,1061,1389,21,853,1954
MINNESOTA,LINCOLN,27081,SOUTHWEST,70,2012,6977,2295,91,3571,365
MINNESOTA,LYON,27083,SOUTHWEST,70,2012,20081,6443,619,10205,1521
MINNESOTA,MCLEOD,27085,CENTRAL,50,2012,7351,6632,540,6290,3796
MINNESOTA,MAHNOMEN,27087,NORTHWEST,10,2012,1069,547,203,0,45
MINNESOTA,MARSHALL,27089,NORTHWEST,10,2012,29969,8377,15427,1639,10291
MINNESOTA,MARTIN,27091,SOUTH CENTRAL,80,2012,391,3435,2460,786,7609
MINNESOTA,MEEKER,27093,CENTRAL,50,2012,14815,9089,448,1906,7262
MINNESOTA,MILLE LACS,27095,EAST CENTRAL,60,2012,3045,3305,157,808,1010
MINNESOTA,MORRISON,27097,CENTRAL,50,2012,7239,5545,0,1229,1271
MINNESOTA,MOWER,27099,SOUTHEAST,90,2012,3233,19001,4565,2621,11256
MINNESOTA,MURRAY,27101,SOUTHWEST,70,2012,12859,7284,131,9935,1719
MINNESOTA,NICOLLET,27103,SOUTH CENTRAL,80,2012,1580,661,53,493,5626
MINNESOTA,NOBLES,27105,SOUTHWEST,70,2012,6584,10468,6411,2138,6237
MINNESOTA,NORMAN,27107,NORTHWEST,10,2012,11452,3226,5819,0,1454
MINNESOTA,OLMSTED,27109,SOUTHEAST,90,2012,9232,11692,3296,2601,4030
MINNESOTA,OTTER TAIL,27111,WEST CENTRAL,40,2012,12398,11551,228,7149,1854
MINNESOTA,PENNINGTON,27113,NORTHWEST,10,2012,7522,6073,4890,969,2924
MINNESOTA,PINE,27115,EAST CENTRAL,60,2012,689,647,0,168,0
MINNESOTA,PIPESTONE,27117,SOUTHWEST,70,2012,8877,4139,988,4266,1069
MINNESOTA,POLK,27119,NORTHWEST,10,2012,23959,7769,17537,159,13054
MINNESOTA,POPE,27121,WEST CENTRAL,40,2012,2993,3607,275,2206,2758
MINNESOTA,RAMSEY,27123,EAST CENTRAL,60,2012,506,2,1451,0,0
MINNESOTA,RED LAKE,27125,NORTHWEST,10,2012,4485,3218,1926,406,1849
MINNESOTA,REDWOOD,27127,SOUTHWEST,70,2012,19989,14638,0,20397,8373
MINNESOTA,RENVILLE,27129,CENTRAL,50,2012,20527,10030,312,11931,11255
MINNESOTA,RICE,27131,SOUTH CENTRAL,80,2012,4014,6017,903,847,3934
MINNESOTA,ROCK,27133,SOUTHWEST,70,2012,10054,6204,2087,5409,5219
MINNESOTA,ROSEAU,27135,NORTHWEST,10,2012,12700,7982,7042,156,2885
MINNESOTA,ST. LOUIS,27137,NORTHEAST,30,2012,616,2,359,54,0
MINNESOTA,SCOTT,27139,CENTRAL,50,2012,855,1429,0,793,1174
MINNESOTA,SHERBURNE,27141,CENTRAL,50,2012,2715,4544,0,679,2666
MINNESOTA,SIBLEY,27143,CENTRAL,50,2012,13273,12021,5943,7622,3934
MINNESOTA,STEARNS,27145,CENTRAL,50,2012,9174,7671,474,2679,8051
MINNESOTA,STEELE,27147,SOUTH CENTRAL,80,2012,4064,7671,3614,159,4845
MINNESOTA,STEVENS,27149,WEST CENTRAL,40,2012,11851,5295,1758,8214,5695
MINNESOTA,SWIFT,27151,WEST CENTRAL,40,2012,10424,10193,4603,9023,8169
MINNESOTA,TODD,27153,CENTRAL,50,2012,5966,4508,0,1236,714
MINNESOTA,TRAVERSE,27155,WEST CENTRAL,40,2012,14458,2779,3179,4628,85
MINNESOTA,WABASHA,27157,SOUTHEAST,90,2012,2565,5837,0,2285,2924
MINNESOTA,WADENA,27159,CENTRAL,50,2012,7479,5815,0,1342,21
MINNESOTA,WASECA,27161,SOUTH CENTRAL,80,2012,2890,5169,2134,295,9729
MINNESOTA,WASHINGTON,27163,EAST CENTRAL,60,2012,1484,1694,0,1028,1200
MINNESOTA,WATONWAN,27165,SOUTH CENTRAL,80,2012,13428,8012,9763,0,6067
MINNESOTA,WILKIN,27167,WEST CENTRAL,40,2012,24864,5243,4419,6030,1024
MINNESOTA,WINONA,27169,SOUTHEAST,90,2012,3827,4810,0,1391,1768
MINNESOTA,WRIGHT,27171,CENTRAL,50,2012,8017,7376,0,3847,4109
MINNESOTA,YELLOW MEDICINE,27173,WEST CENTRAL,40,2012,19496,11091,1466,16798,7908
MINNESOTA,AITKIN,27001,EAST CENTRAL,60,2011,435,950,155,137,0
MINNESOTA,ANOKA,27003,EAST CENTRAL,60,2011,17,17,8,0,0
MINNESOTA,BECKER,27005,NORTHWEST,10,2011,7760,2414,3331,109,7
MINNESOTA,BELTRAMI,27007,NORTH CENTRAL,20,2011,960,1030,0,526,0
MINNESOTA,BENTON,27009,CENTRAL,50,2011,3454,4429,0,1132,792
MINNESOTA,BIG STONE,27011,WEST CENTRAL,40,2011,10140,3193,3025,3408,1655
MINNESOTA,BLUE EARTH,27013,SOUTH CENTRAL,80,2011,579,1684,1209,829,6508
MINNESOTA,BROWN,27015,SOUTH CENTRAL,80,2011,24718,20761,170,24681,7516
MINNESOTA,CARLTON,27017,EAST CENTRAL,60,2011,1139,475,0,157,0
MINNESOTA,CARVER,27019,CENTRAL,50,2011,4085,3565,27,2336,1700
MINNESOTA,CASS,27021,NORTH CENTRAL,20,2011,50,7,0,0,0
MINNESOTA,CHIPPEWA,27023,WEST CENTRAL,40,2011,14439,5502,2125,8774,5889
MINNESOTA,CHISAGO,27025,EAST CENTRAL,60,2011,3914,4559,2,1483,294
MINNESOTA,CLAY,27027,NORTHWEST,10,2011,42234,9716,12910,0,2009
MINNESOTA,CLEARWATER,27029,NORTHWEST,10,2011,75,275,3,33,86
MINNESOTA,COOK,27031,NORTHEAST,30,2011,0,0,0,0,0
MINNESOTA,COTTONWOOD,27033,SOUTHWEST,70,2011,10000,12019,1866,13114,6257
MINNESOTA,CROW WING,27035,EAST CENTRAL,60,2011,175,125,0,65,0
MINNESOTA,DAKOTA,27037,SOUTHEAST,90,2011,6588,6246,1312,2614,4617
MINNESOTA,DODGE,27039,SOUTHEAST,90,2011,2871,9649,5721,1020,6672
MINNESOTA,DOUGLAS,27041,WEST CENTRAL,40,2011,6973,2859,215,3005,291
MINNESOTA,FARIBAULT,27043,SOUTH CENTRAL,80,2011,4647,17234,9821,2119,15542
MINNESOTA,FILLMORE,27045,SOUTHEAST,90,2011,10065,13535,2423,3696,4079
MINNESOTA,FREEBORN,27047,SOUTH CENTRAL,80,2011,4139,17580,6216,3752,12128
MINNESOTA,GOODHUE,27049,SOUTHEAST,90,2011,14624,35270,930,8576,9218
MINNESOTA,GRANT,27051,WEST CENTRAL,40,2011,20028,6898,2761,10654,2566
MINNESOTA,HENNEPIN,27053,EAST CENTRAL,60,2011,1662,1682,0,0,0
MINNESOTA,HOUSTON,27055,SOUTHEAST,90,2011,5386,3799,215,1503,994
MINNESOTA,HUBBARD,27057,NORTH CENTRAL,20,2011,3156,4044,7,66,0
MINNESOTA,ISANTI,27059,EAST CENTRAL,60,2011,2209,2594,0,724,0
MINNESOTA,ITASCA,27061,NORTH CENTRAL,20,2011,137,115,0,33,0
MINNESOTA,JACKSON,27063,SOUTHWEST,70,2011,3389,9513,502,9905,5536
MINNESOTA,KANABEC,27065,EAST CENTRAL,60,2011,1953,1863,2,819,0
MINNESOTA,KANDIYOHI,27067,CENTRAL,50,2011,8606,5885,502,6537,5750
MINNESOTA,KITTSON,27069,NORTHWEST,10,2011,16655,1061,3650,0,1271
MINNESOTA,KOOCHICHING,27071,NORTH CENTRAL,20,2011,0,0,0,0,0
MINNESOTA,LAC QUI PARLE,27073,WEST CENTRAL,40,2011,10956,6677,2139,8898,3626
MINNESOTA,LAKE,27075,NORTHEAST,30,2011,0,0,0,0,0
MINNESOTA,LAKE OF THE WOODS,27077,NORTH CENTRAL,20,2011,2527,632,631,0,0
MINNESOTA,LE SUEUR,27079,SOUTH CENTRAL,80,2011,6360,12371,7346,1398,9017
MINNESOTA,LINCOLN,27081,SOUTHWEST,70,2011,13449,5963,74,7819,511
MINNESOTA,LYON,27083,SOUTHWEST,70,2011,18632,8206,1592,9345,3698
MINNESOTA,MCLEOD,27085,CENTRAL,50,2011,5882,6401,475,5484,3919
MINNESOTA,MAHNOMEN,27087,NORTHWEST,10,2011,3684,1193,762,0,23
MINNESOTA,MARSHALL,27089,NORTHWEST,10,2011,26590,6799,12322,215,6142
MINNESOTA,MARTIN,27091,SOUTH CENTRAL,80,2011,938,8401,6611,707,9375
MINNESOTA,MEEKER,27093,CENTRAL,50,2011,10280,9349,4676,1850,5670
MINNESOTA,MILLE LACS,27095,EAST CENTRAL,60,2011,1789,1738,8,489,147
MINNESOTA,MORRISON,27097,CENTRAL,50,2011,5676,6006,2,1209,810
MINNESOTA,MOWER,27099,SOUTHEAST,90,2011,2741,18405,5879,2183,9508
MINNESOTA,MURRAY,27101,SOUTHWEST,70,2011,11804,7738,79,10043,1909
MINNESOTA,NICOLLET,27103,SOUTH CENTRAL,80,2011,1777,1619,69,1350,3620
MINNESOTA,NOBLES,27105,SOUTHWEST,70,2011,7842,9835,6725,2921,5361
MINNESOTA,NORMAN,27107,NORTHWEST,10,2011,19252,4384,11236,0,999
MINNESOTA,OLMSTED,27109,SOUTHEAST,90,2011,8695,12055,4720,826,2918
MINNESOTA,OTTER TAIL,27111,WEST CENTRAL,40,2011,11080,10723,61,6634,1075
MINNESOTA,PENNINGTON,27113,NORTHWEST,10,2011,6144,4549,4335,0,2498
MINNESOTA,PINE,27115,EAST CENTRAL,60,2011,326,590,0,156,0
MINNESOTA,PIPESTONE,27117,SOUTHWEST,70,2011,9068,3734,1003,3746,500
MINNESOTA,POLK,27119,NORTHWEST,10,2011,29661,7248,13266,0,11633
MINNESOTA,POPE,27121,WEST CENTRAL,40,2011,4787,3495,1333,2576,2265
MINNESOTA,RAMSEY,27123,EAST CENTRAL,60,2011,16,135,27,1,20
MINNESOTA,RED LAKE,27125,NORTHWEST,10,2011,5529,3808,2673,127,1474
MINNESOTA,REDWOOD,27127,SOUTHWEST,70,2011,14705,18610,12,24378,13710
MINNESOTA,RENVILLE,27129,CENTRAL,50,2011,17365,10165,324,12733,11309
MINNESOTA,RICE,27131,SOUTH CENTRAL,80,2011,7006,10535,5672,439,5411
MINNESOTA,ROCK,27133,SOUTHWEST,70,2011,11344,5808,1892,5509,3569
MINNESOTA,ROSEAU,27135,NORTHWEST,10,2011,13141,4130,7664,0,2036
MINNESOTA,ST. LOUIS,27137,NORTHEAST,30,2011,228,110,101,83,0
MINNESOTA,SCOTT,27139,CENTRAL,50,2011,665,433,121,224,2179
MINNESOTA,SHERBURNE,27141,CENTRAL,50,2011,1779,3116,2,608,1860
MINNESOTA,SIBLEY,27143,CENTRAL,50,2011,11582,9149,7885,1580,2928
MINNESOTA,STEARNS,27145,CENTRAL,50,2011,9453,8436,834,2468,3513
MINNESOTA,STEELE,27147,SOUTH CENTRAL,80,2011,5165,9140,4754,1434,4754
MINNESOTA,STEVENS,27149,WEST CENTRAL,40,2011,11219,5065,1424,8563,5258
MINNESOTA,SWIFT,27151,WEST CENTRAL,40,2011,10852,10579,3309,7445,6468
MINNESOTA,TODD,27153,CENTRAL,50,2011,3735,3433,7,488,25
MINNESOTA,TRAVERSE,27155,WEST CENTRAL,40,2011,8143,1965,833,4636,946
MINNESOTA,WABASHA,27157,SOUTHEAST,90,2011,2588,4950,568,1621,2701
MINNESOTA,WADENA,27159,CENTRAL,50,2011,4918,5329,91,1138,75
MINNESOTA,WASECA,27161,SOUTH CENTRAL,80,2011,3286,8668,6780,469,8699
MINNESOTA,WASHINGTON,27163,EAST CENTRAL,60,2011,1471,2255,0,1120,1200
MINNESOTA,WATONWAN,27165,SOUTH CENTRAL,80,2011,9885,21286,15859,707,5000
MINNESOTA,WILKIN,27167,WEST CENTRAL,40,2011,19223,2714,3259,7000,981
MINNESOTA,WINONA,27169,SOUTHEAST,90,2011,6068,6193,299,1339,1758
MINNESOTA,WRIGHT,27171,CENTRAL,50,2011,5831,6981,11,3258,2901
MINNESOTA,YELLOW MEDICINE,27173,WEST CENTRAL,40,2011,14945,11722,1606,17993,6856
MINNESOTA,AITKIN,27001,EAST CENTRAL,60,2010,896,827,135,0,0
MINNESOTA,ANOKA,27003,EAST CENTRAL,60,2010,51,36,86,13,45
MINNESOTA,BECKER,27005,NORTHWEST,10,2010,7034,2141,3735,64,85
MINNESOTA,BELTRAMI,27007,NORTH CENTRAL,20,2010,1061,948,0,367,0
MINNESOTA,BENTON,27009,CENTRAL,50,2010,1803,2533,0,640,681
MINNESOTA,BIG STONE,27011,WEST CENTRAL,40,2010,7195,2055,793,3888,1443
MINNESOTA,BLUE EARTH,27013,SOUTH CENTRAL,80,2010,2859,5137,4175,603,7949
MINNESOTA,BROWN,27015,SOUTH CENTRAL,80,2010,20031,17087,27,22549,9829
MINNESOTA,CARLTON,27017,EAST CENTRAL,60,2010,416,483,0,135,0
MINNESOTA,CARVER,27019,CENTRAL,50,2010,3687,3522,0,2554,2297
MINNESOTA,CASS,27021,NORTH CENTRAL,20,2010,0,0,0,0,130
MINNESOTA,CHIPPEWA,27023,WEST CENTRAL,40,2010,16504,4607,4055,7250,2993
MINNESOTA,CHISAGO,27025,EAST CENTRAL,60,2010,4229,4061,1,1641,647
MINNESOTA,CLAY,27027,NORTHWEST,10,2010,38243,8813,12209,0,1912
MINNESOTA,CLEARWATER,27029,NORTHWEST,10,2010,81,284,21,0,0
MINNESOTA,COOK,27031,NORTHEAST,30,2010,0,0,0,0,0
MINNESOTA,COTTONWOOD,27033,SOUTHWEST,70,2010,4320,4950,26,7510,4806
MINNESOTA,CROW WING,27035,EAST CENTRAL,60,2010,4,72,0,0,0
MINNESOTA,DAKOTA,27037,SOUTHEAST,90,2010,7489,9616,914,4313,8579
MINNESOTA,DODGE,27039,SOUTHEAST,90,2010,2868,7658,4017,350,4087
MINNESOTA,DOUGLAS,27041,WEST CENTRAL,40,2010,3751,1859,291,2237,745
MINNESOTA,FARIBAULT,27043,SOUTH CENTRAL,80,2010,3218,18230,8546,2899,14836
MINNESOTA,FILLMORE,27045,SOUTHEAST,90,2010,8556,10515,1991,2960,4327
MINNESOTA,FREEBORN,27047,SOUTH CENTRAL,80,2010,2168,17165,3891,2491,8812
MINNESOTA,GOODHUE,27049,SOUTHEAST,90,2010,8009,23379,4143,4741,10057
MINNESOTA,GRANT,27051,WEST CENTRAL,40,2010,21381,7404,1718,13204,3130
MINNESOTA,HENNEPIN,27053,EAST CENTRAL,60,2010,2656,86,13,1,87
MINNESOTA,HOUSTON,27055,SOUTHEAST,90,2010,3764,2568,5,1058,770
MINNESOTA,HUBBARD,27057,NORTH CENTRAL,20,2010,3027,1026,0,7,0
MINNESOTA,ISANTI,27059,EAST CENTRAL,60,2010,1776,1987,61,817,65
MINNESOTA,ITASCA,27061,NORTH CENTRAL,20,2010,201,158,0,38,0
MINNESOTA,JACKSON,27063,SOUTHWEST,70,2010,2213,7097,385,7630,5806
MINNESOTA,KANABEC,27065,EAST CENTRAL,60,2010,1854,1700,14,870,136
MINNESOTA,KANDIYOHI,27067,CENTRAL,50,2010,6954,6348,1476,5992,7914
MINNESOTA,KITTSON,27069,NORTHWEST,10,2010,15602,1406,5001,90,1588
MINNESOTA,KOOCHICHING,27071,NORTH CENTRAL,20,2010,0,0,0,0,0
MINNESOTA,LAC QUI PARLE,27073,WEST CENTRAL,40,2010,14949,6680,2185,9114,1713
MINNESOTA,LAKE,27075,NORTHEAST,30,2010,2323,0,0,0,0
MINNESOTA,LAKE OF THE WOODS,27077,NORTH CENTRAL,20,2010,5443,1521,1354,0,20
MINNESOTA,LE SUEUR,27079,SOUTH CENTRAL,80,2010,4430,10912,6625,1121,8675
MINNESOTA,LINCOLN,27081,SOUTHWEST,70,2010,5316,2097,35,3307,210
MINNESOTA,LYON,27083,SOUTHWEST,70,2010,18309,7696,3579,9533,4028
MINNESOTA,MCLEOD,27085,CENTRAL,50,2010,6053,5230,147,5100,5688
MINNESOTA,MAHNOMEN,27087,NORTHWEST,10,2010,3632,1348,1246,0,125
MINNESOTA,MARSHALL,27089,NORTHWEST,10,2010,35784,8299,15936,356,11597
MINNESOTA,MARTIN,27091,SOUTH CENTRAL,80,2010,1317,11012,8736,125,18466
MINNESOTA,MEEKER,27093,CENTRAL,50,2010,6932,4009,2269,1981,6314
MINNESOTA,MILLE LACS,27095,EAST CENTRAL,60,2010,1797,1522,25,531,680
MINNESOTA,MORRISON,27097,CENTRAL,50,2010,5144,3464,0,1172,804
MINNESOTA,MOWER,27099,SOUTHEAST,90,2010,980,8829,2785,1981,5979
MINNESOTA,MURRAY,27101,SOUTHWEST,70,2010,16752,8314,1890,8382,5818
MINNESOTA,NICOLLET,27103,SOUTH CENTRAL,80,2010,1733,1822,1191,930,7076
MINNESOTA,NOBLES,27105,SOUTHWEST,70,2010,8209,7351,27413,4497,12529
MINNESOTA,NORMAN,27107,NORTHWEST,10,2010,20022,4663,10426,0,2152
MINNESOTA,OLMSTED,27109,SOUTHEAST,90,2010,6690,8597,1063,2971,2411
MINNESOTA,OTTER TAIL,27111,WEST CENTRAL,40,2010,11489,8784,112,4664,1058
MINNESOTA,PENNINGTON,27113,NORTHWEST,10,2010,4872,3964,3883,578,2780
MINNESOTA,PINE,27115,EAST CENTRAL,60,2010,568,702,0,185,0
MINNESOTA,PIPESTONE,27117,SOUTHWEST,70,2010,17170,7350,1028,8198,535
MINNESOTA,POLK,27119,NORTHWEST,10,2010,22667,6512,14185,237,10515
MINNESOTA,POPE,27121,WEST CENTRAL,40,2010,2726,3033,279,2122,2893
MINNESOTA,RAMSEY,27123,EAST CENTRAL,60,2010,8,2,1695,12,0
MINNESOTA,RED LAKE,27125,NORTHWEST,10,2010,4150,2882,2420,245,1197
MINNESOTA,REDWOOD,27127,SOUTHWEST,70,2010,2907,2327,0,4489,3895
MINNESOTA,RENVILLE,27129,CENTRAL,50,2010,13599,7664,732,10761,10875
MINNESOTA,RICE,27131,SOUTH CENTRAL,80,2010,4763,8004,2879,1402,5226
MINNESOTA,ROCK,27133,SOUTHWEST,70,2010,6271,3472,1275,4315,1630
MINNESOTA,ROSEAU,27135,NORTHWEST,10,2010,12250,7514,7013,1,3945
MINNESOTA,ST. LOUIS,27137,NORTHEAST,30,2010,39,166,337,45,0
MINNESOTA,SCOTT,27139,CENTRAL,50,2010,198,3,0,4,1817
MINNESOTA,SHERBURNE,27141,CENTRAL,50,2010,4529,6180,294,1321,2293
MINNESOTA,SIBLEY,27143,CENTRAL,50,2010,8746,8268,5741,2714,2678
MINNESOTA,STEARNS,27145,CENTRAL,50,2010,6847,8101,635,2898,4814
MINNESOTA,STEELE,27147,SOUTH CENTRAL,80,2010,2547,7457,2290,1505,4436
MINNESOTA,STEVENS,27149,WEST CENTRAL,40,2010,12051,4056,1893,8014,5455
MINNESOTA,SWIFT,27151,WEST CENTRAL,40,2010,11474,8850,5571,7720,7095
MINNESOTA,TODD,27153,CENTRAL,50,2010,3583,2828,28,471,133
MINNESOTA,TRAVERSE,27155,WEST CENTRAL,40,2010,9450,2029,2709,4154,801
MINNESOTA,WABASHA,27157,SOUTHEAST,90,2010,1948,4852,1394,438,2471
MINNESOTA,WADENA,27159,CENTRAL,50,2010,3948,3534,8,832,986
MINNESOTA,WASECA,27161,SOUTH CENTRAL,80,2010,2300,5465,4082,203,8297
MINNESOTA,WASHINGTON,27163,EAST CENTRAL,60,2010,246,144,1,55,8
MINNESOTA,WATONWAN,27165,SOUTH CENTRAL,80,2010,2252,10533,6332,4,7620
MINNESOTA,WILKIN,27167,WEST CENTRAL,40,2010,20074,4052,3041,8811,1943
MINNESOTA,WINONA,27169,SOUTHEAST,90,2010,5802,7377,294,1539,2018
MINNESOTA,WRIGHT,27171,CENTRAL,50,2010,3138,3358,70,472,1365
MINNESOTA,YELLOW MEDICINE,27173,WEST CENTRAL,40,2010,10487,5082,416,10529,4258
