State,County,ANSI,Ag District,Ag District Code,Year,Total Class 2a Tillable Acres,Total Estimated Value,Estimated Value Per Acre
MINNESOTA,AITKIN,27001,EAST CENTRAL,60,2010,15609,16078900,1030
MINNESOTA,AITKIN,27001,EAST CENTRAL,60,2011,14720,15845600,1076
MINNESOTA,AITKIN,27001,EAST CENTRAL,60,2012,15759,16933500,1074
MINNESOTA,AITKIN,27001,EAST CENTRAL,60,2013,20814,21282000,1022
MINNESOTA,AITKIN,27001,EAST CENTRAL,60,2014,21641,22050200,1018
MINNESOTA,AITKIN,27001,EAST CENTRAL,60,2015,21164,20437800,965
MINNESOTA,AITKIN,27001,EAST CENTRAL,60,2016,21113,21842500,1034
MINNESOTA,AITKIN,27001,EAST CENTRAL,60,2017,22426,21935600,978
MINNESOTA,AITKIN,27001,EAST CENTRAL,60,2018,23364,22604600,967
MINNESOTA,AITKIN,27001,EAST CENTRAL,60,2019,24066,24032400,998
MINNESOTA,AITKIN,27001,EAST CENTRAL,60,2020,24182,25413400,1050
MINNESOTA,AITKIN,27001,EAST CENTRAL,60,2021,24084,25654300,1065
MINNESOTA,AITKIN,27001,EAST CENTRAL,60,2022,24932,34348800,1377
MINNESOTA,AITKIN,27001,EAST CENTRAL,60,2023,24758,38675800,1562
MINNESOTA,ANOKA,27003,EAST CENTRAL,60,2010,30629,284623000,9292
MINNESOTA,ANOKA,27003,EAST CENTRAL,60,2011,30497,265579200,8708
MINNESOTA,ANOKA,27003,EAST CENTRAL,60,2012,30188,227210400,7526
MINNESOTA,ANOKA,27003,EAST CENTRAL,60,2013,30109,217263900,7215
MINNESOTA,ANOKA,27003,EAST CENTRAL,60,2014,29957,219025300,7311
MINNESOTA,ANOKA,27003,EAST CENTRAL,60,2015,29897,220223900,7366
MINNESOTA,ANOKA,27003,EAST CENTRAL,60,2016,29590,219325500,7412
MINNESOTA,ANOKA,27003,EAST CENTRAL,60,2017,26284,195039100,7420
MINNESOTA,ANOKA,27003,EAST CENTRAL,60,2018,28847,218001900,7557
MINNESOTA,ANOKA,27003,EAST CENTRAL,60,2019,28246,238188300,8432
MINNESOTA,ANOKA,27003,EAST CENTRAL,60,2020,21361,127038300,5947
MINNESOTA,ANOKA,27003,EAST CENTRAL,60,2021,20262,125206736,6179
MINNESOTA,ANOKA,27003,EAST CENTRAL,60,2022,24258,152722400,6295
MINNESOTA,ANOKA,27003,EAST CENTRAL,60,2023,22686,158987800,7008
MINNESOTA,BECKER,27005,NORTHWEST,10,2010,246576,359007100,1455
MINNESOTA,BECKER,27005,NORTHWEST,10,2011,247743,489416200,1975
MINNESOTA,BECKER,27005,NORTHWEST,10,2012,250257,561730600,2244
MINNESOTA,BECKER,27005,NORTHWEST,10,2013,250806,664559500,2649
MINNESOTA,BECKER,27005,NORTHWEST,10,2014,251221,773715500,3079
MINNESOTA,BECKER,27005,NORTHWEST,10,2015,251846,767300000,3046
MINNESOTA,BECKER,27005,NORTHWEST,10,2016,253952,776257600,3056
MINNESOTA,BECKER,27005,NORTHWEST,10,2017,253854,776328100,3058
MINNESOTA,BECKER,27005,NORTHWEST,10,2018,252504,774380300,3066
MINNESOTA,BECKER,27005,NORTHWEST,10,2019,257665,779494900,3025
MINNESOTA,BECKER,27005,NORTHWEST,10,2020,259564,818871500,3154
MINNESOTA,BECKER,27005,NORTHWEST,10,2021,264021,832118700,3151
MINNESOTA,BECKER,27005,NORTHWEST,10,2022,263467,881251700,3344
MINNESOTA,BECKER,27005,NORTHWEST,10,2023,263240,958984900,3643
MINNESOTA,BELTRAMI,27007,NORTH CENTRAL,20,2010,117949,103752310,879
MINNESOTA,BELTRAMI,27007,NORTH CENTRAL,20,2011,118105,98211861,831
MINNESOTA,BELTRAMI,27007,NORTH CENTRAL,20,2012,118586,100338810,846
MINNESOTA,BELTRAMI,27007,NORTH CENTRAL,20,2013,118746,99868955,841
MINNESOTA,BELTRAMI,27007,NORTH CENTRAL,20,2014,119423,113012412,946
MINNESOTA,BELTRAMI,27007,NORTH CENTRAL,20,2015,118088,117202320,992
MINNESOTA,BELTRAMI,27007,NORTH CENTRAL,20,2016,120346,118847594,987
MINNESOTA,BELTRAMI,27007,NORTH CENTRAL,20,2017,120720,120980779,1002
MINNESOTA,BELTRAMI,27007,NORTH CENTRAL,20,2018,120396,121090800,1005
MINNESOTA,BELTRAMI,27007,NORTH CENTRAL,20,2019,119777,120148893,1003
MINNESOTA,BELTRAMI,27007,NORTH CENTRAL,20,2020,118734,117539700,989
MINNESOTA,BELTRAMI,27007,NORTH CENTRAL,20,2021,118262,116939215,988
MINNESOTA,BELTRAMI,27007,NORTH CENTRAL,20,2022,117821,142707500,1211
MINNESOTA,BELTRAMI,27007,NORTH CENTRAL,20,2023,117547,142273100,1210
MINNESOTA,BENTON,27009,CENTRAL,50,2010,124297,362814691,2918
MINNESOTA,BENTON,27009,CENTRAL,50,2011,125241,330167229,2636
MINNESOTA,BENTON,27009,CENTRAL,50,2012,125525,331157063,2638
MINNESOTA,BENTON,27009,CENTRAL,50,2013,126079,382422684,3033
MINNESOTA,BENTON,27009,CENTRAL,50,2014,126148,413720290,3279
MINNESOTA,BENTON,27009,CENTRAL,50,2015,126017,413017580,3277
MINNESOTA,BENTON,27009,CENTRAL,50,2016,125917,412645266,3277
MINNESOTA,BENTON,27009,CENTRAL,50,2017,125680,410843002,3268
MINNESOTA,BENTON,27009,CENTRAL,50,2018,125473,410211100,3269
MINNESOTA,BENTON,27009,CENTRAL,50,2019,125253,412111515,3290
MINNESOTA,BENTON,27009,CENTRAL,50,2020,125020,411220100,3289
MINNESOTA,BENTON,27009,CENTRAL,50,2021,124705,419687865,3365
MINNESOTA,BENTON,27009,CENTRAL,50,2022,124672,490495500,3934
MINNESOTA,BENTON,27009,CENTRAL,50,2023,124538,541565500,4348
MINNESOTA,BIG STONE,27011,WEST CENTRAL,40,2010,246082,665867300,2705
MINNESOTA,BIG STONE,27011,WEST CENTRAL,40,2011,245758,665004700,2705
MINNESOTA,BIG STONE,27011,WEST CENTRAL,40,2012,245357,805302400,3282
MINNESOTA,BIG STONE,27011,WEST CENTRAL,40,2013,245083,1021698200,4168
MINNESOTA,BIG STONE,27011,WEST CENTRAL,40,2014,244560,1070631000,4377
MINNESOTA,BIG STONE,27011,WEST CENTRAL,40,2015,244501,1133306200,4635
MINNESOTA,BIG STONE,27011,WEST CENTRAL,40,2016,244375,1132973500,4636
MINNESOTA,BIG STONE,27011,WEST CENTRAL,40,2017,243710,1108195100,4547
MINNESOTA,BIG STONE,27011,WEST CENTRAL,40,2018,243025,1106423600,4552
MINNESOTA,BIG STONE,27011,WEST CENTRAL,40,2019,242861,1105951600,4553
MINNESOTA,BIG STONE,27011,WEST CENTRAL,40,2020,242428,1104037400,4554
MINNESOTA,BIG STONE,27011,WEST CENTRAL,40,2021,236157,1103459700,4672
MINNESOTA,BIG STONE,27011,WEST CENTRAL,40,2022,235278,1277233500,5428
MINNESOTA,BIG STONE,27011,WEST CENTRAL,40,2023,234685,1405743600,5989
MINNESOTA,BLUE EARTH,27013,SOUTH CENTRAL,80,2010,361207,1581773200,4379
MINNESOTA,BLUE EARTH,27013,SOUTH CENTRAL,80,2011,360326,1723827800,4784
MINNESOTA,BLUE EARTH,27013,SOUTH CENTRAL,80,2012,360141,2040369300,5665
MINNESOTA,BLUE EARTH,27013,SOUTH CENTRAL,80,2013,359829,2907464700,8080
MINNESOTA,BLUE EARTH,27013,SOUTH CENTRAL,80,2014,359030,3415473900,9513
MINNESOTA,BLUE EARTH,27013,SOUTH CENTRAL,80,2015,358182,2933918100,8191
MINNESOTA,BLUE EARTH,27013,SOUTH CENTRAL,80,2016,358032,2783247000,7773
MINNESOTA,BLUE EARTH,27013,SOUTH CENTRAL,80,2017,357017,2763080500,7739
MINNESOTA,BLUE EARTH,27013,SOUTH CENTRAL,80,2018,355922,2577859400,7242
MINNESOTA,BLUE EARTH,27013,SOUTH CENTRAL,80,2019,355639,2775662800,7804
MINNESOTA,BLUE EARTH,27013,SOUTH CENTRAL,80,2020,354745,2564905800,7230
MINNESOTA,BLUE EARTH,27013,SOUTH CENTRAL,80,2021,354462,2569583300,7249
MINNESOTA,BLUE EARTH,27013,SOUTH CENTRAL,80,2022,353586,2989540700,8454
MINNESOTA,BLUE EARTH,27013,SOUTH CENTRAL,80,2023,353604,3774609400,10674
MINNESOTA,BROWN,27015,SOUTH CENTRAL,80,2010,312219,1318444174,4222
MINNESOTA,BROWN,27015,SOUTH CENTRAL,80,2011,311914,1470324037,4713
MINNESOTA,BROWN,27015,SOUTH CENTRAL,80,2012,311957,1812313838,5809
MINNESOTA,BROWN,27015,SOUTH CENTRAL,80,2013,311903,2338668590,7498
MINNESOTA,BROWN,27015,SOUTH CENTRAL,80,2014,311635,2675553752,8585
MINNESOTA,BROWN,27015,SOUTH CENTRAL,80,2015,311408,2488483656,7991
MINNESOTA,BROWN,27015,SOUTH CENTRAL,80,2016,311261,2529840271,8127
MINNESOTA,BROWN,27015,SOUTH CENTRAL,80,2017,311130,2267822633,7288
MINNESOTA,BROWN,27015,SOUTH CENTRAL,80,2018,310844,2160536500,6950
MINNESOTA,BROWN,27015,SOUTH CENTRAL,80,2019,310839,2163055548,6958
MINNESOTA,BROWN,27015,SOUTH CENTRAL,80,2020,310535,2055587200,6619
MINNESOTA,BROWN,27015,SOUTH CENTRAL,80,2021,309915,2053187840,6625
MINNESOTA,BROWN,27015,SOUTH CENTRAL,80,2022,309614,2408731600,7779
MINNESOTA,BROWN,27015,SOUTH CENTRAL,80,2023,308587,3410024800,11050
MINNESOTA,CARLTON,27017,EAST CENTRAL,60,2010,124,172000,1387
MINNESOTA,CARLTON,27017,EAST CENTRAL,60,2011,124,168300,1357
MINNESOTA,CARLTON,27017,EAST CENTRAL,60,2012,124,159800,1288
MINNESOTA,CARLTON,27017,EAST CENTRAL,60,2013,169,211100,1249
MINNESOTA,CARLTON,27017,EAST CENTRAL,60,2014,157,196800,1253
MINNESOTA,CARLTON,27017,EAST CENTRAL,60,2015,148,185000,1250
MINNESOTA,CARLTON,27017,EAST CENTRAL,60,2016,148,185000,1250
MINNESOTA,CARLTON,27017,EAST CENTRAL,60,2017,148,191800,1295
MINNESOTA,CARLTON,27017,EAST CENTRAL,60,2018,86,115000,1337
MINNESOTA,CARLTON,27017,EAST CENTRAL,60,2019,86,122900,1429
MINNESOTA,CARLTON,27017,EAST CENTRAL,60,2020,86,122900,1429
MINNESOTA,CARLTON,27017,EAST CENTRAL,60,2021,86,131400,1527
MINNESOTA,CARLTON,27017,EAST CENTRAL,60,2022,86,165100,1919
MINNESOTA,CARLTON,27017,EAST CENTRAL,60,2023,86,210300,2445
MINNESOTA,CARVER,27019,CENTRAL,50,2010,117024,753769500,6441
MINNESOTA,CARVER,27019,CENTRAL,50,2011,116647,744871400,6385
MINNESOTA,CARVER,27019,CENTRAL,50,2012,116473,783728900,6728
MINNESOTA,CARVER,27019,CENTRAL,50,2013,115809,895752700,7734
MINNESOTA,CARVER,27019,CENTRAL,50,2014,115401,943823400,8178
MINNESOTA,CARVER,27019,CENTRAL,50,2015,115165,963257000,8364
MINNESOTA,CARVER,27019,CENTRAL,50,2016,114606,969119800,8456
MINNESOTA,CARVER,27019,CENTRAL,50,2017,113819,910191100,7996
MINNESOTA,CARVER,27019,CENTRAL,50,2018,113594,941469100,8288
MINNESOTA,CARVER,27019,CENTRAL,50,2019,112999,931086200,8239
MINNESOTA,CARVER,27019,CENTRAL,50,2020,112786,932973500,8272
MINNESOTA,CARVER,27019,CENTRAL,50,2021,112244,916917600,8168
MINNESOTA,CARVER,27019,CENTRAL,50,2022,111970,937913300,8376
MINNESOTA,CARVER,27019,CENTRAL,50,2023,111158,1014208000,9124
MINNESOTA,CASS,27021,NORTH CENTRAL,20,2010,52948,83380500,1574
MINNESOTA,CASS,27021,NORTH CENTRAL,20,2011,53122,80792400,1520
MINNESOTA,CASS,27021,NORTH CENTRAL,20,2012,54980,83556600,1519
MINNESOTA,CASS,27021,NORTH CENTRAL,20,2013,54244,76501700,1410
MINNESOTA,CASS,27021,NORTH CENTRAL,20,2014,53365,73825100,1383
MINNESOTA,CASS,27021,NORTH CENTRAL,20,2015,52927,75707900,1430
MINNESOTA,CASS,27021,NORTH CENTRAL,20,2016,52741,78457900,1487
MINNESOTA,CASS,27021,NORTH CENTRAL,20,2017,52355,78647600,1502
MINNESOTA,CASS,27021,NORTH CENTRAL,20,2018,53225,79786300,1499
MINNESOTA,CASS,27021,NORTH CENTRAL,20,2019,54714,86246600,1576
MINNESOTA,CASS,27021,NORTH CENTRAL,20,2020,54711,86841700,1587
MINNESOTA,CASS,27021,NORTH CENTRAL,20,2021,54430,86572200,1590
MINNESOTA,CASS,27021,NORTH CENTRAL,20,2022,54491,98651600,1810
MINNESOTA,CASS,27021,NORTH CENTRAL,20,2023,54642,111089200,2033
MINNESOTA,CHIPPEWA,27023,WEST CENTRAL,40,2010,303024,1099464800,3628
MINNESOTA,CHIPPEWA,27023,WEST CENTRAL,40,2011,302972,1187694700,3920
MINNESOTA,CHIPPEWA,27023,WEST CENTRAL,40,2012,302989,1527894000,5042
MINNESOTA,CHIPPEWA,27023,WEST CENTRAL,40,2013,302838,1934644400,6388
MINNESOTA,CHIPPEWA,27023,WEST CENTRAL,40,2014,302750,2203797900,7279
MINNESOTA,CHIPPEWA,27023,WEST CENTRAL,40,2015,302664,2150465500,7105
MINNESOTA,CHIPPEWA,27023,WEST CENTRAL,40,2016,302648,2084322700,6886
MINNESOTA,CHIPPEWA,27023,WEST CENTRAL,40,2017,302369,2082566100,6887
MINNESOTA,CHIPPEWA,27023,WEST CENTRAL,40,2018,302410,2053883200,6791
MINNESOTA,CHIPPEWA,27023,WEST CENTRAL,40,2019,302344,2053904100,6793
MINNESOTA,CHIPPEWA,27023,WEST CENTRAL,40,2020,302090,2033413500,6731
MINNESOTA,CHIPPEWA,27023,WEST CENTRAL,40,2021,302045,1896838000,6279
MINNESOTA,CHIPPEWA,27023,WEST CENTRAL,40,2022,301794,2156079500,7144
MINNESOTA,CHIPPEWA,27023,WEST CENTRAL,40,2023,301518,2706962800,8977
MINNESOTA,CHISAGO,27025,EAST CENTRAL,60,2010,79124,286582900,3621
MINNESOTA,CHISAGO,27025,EAST CENTRAL,60,2011,78976,217614900,2755
MINNESOTA,CHISAGO,27025,EAST CENTRAL,60,2012,79650,213391300,2679
MINNESOTA,CHISAGO,27025,EAST CENTRAL,60,2013,79882,214179600,2681
MINNESOTA,CHISAGO,27025,EAST CENTRAL,60,2014,80271,247095300,3078
MINNESOTA,CHISAGO,27025,EAST CENTRAL,60,2015,79647,245809500,3086
MINNESOTA,CHISAGO,27025,EAST CENTRAL,60,2016,79401,232541700,2928
MINNESOTA,CHISAGO,27025,EAST CENTRAL,60,2017,77832,233250500,2996
MINNESOTA,CHISAGO,27025,EAST CENTRAL,60,2018,77428,235404200,3040
MINNESOTA,CHISAGO,27025,EAST CENTRAL,60,2019,76950,233131800,3029
MINNESOTA,CHISAGO,27025,EAST CENTRAL,60,2020,78392,240213200,3064
MINNESOTA,CHISAGO,27025,EAST CENTRAL,60,2021,78042,246472900,3158
MINNESOTA,CHISAGO,27025,EAST CENTRAL,60,2022,77378,303185500,3918
MINNESOTA,CHISAGO,27025,EAST CENTRAL,60,2023,76344,343764700,4502
MINNESOTA,CLAY,27027,NORTHWEST,10,2010,497112,1020813200,2053
MINNESOTA,CLAY,27027,NORTHWEST,10,2011,496489,1185728400,2388
MINNESOTA,CLAY,27027,NORTHWEST,10,2012,495948,1446199200,2916
MINNESOTA,CLAY,27027,NORTHWEST,10,2013,494090,1860230600,3764
MINNESOTA,CLAY,27027,NORTHWEST,10,2014,493052,2333408700,4732
MINNESOTA,CLAY,27027,NORTHWEST,10,2015,491645,2290450300,4658
MINNESOTA,CLAY,27027,NORTHWEST,10,2016,490614,2085380600,4250
MINNESOTA,CLAY,27027,NORTHWEST,10,2017,489375,1845911200,3771
MINNESOTA,CLAY,27027,NORTHWEST,10,2018,486936,1794911000,3686
MINNESOTA,CLAY,27027,NORTHWEST,10,2019,484023,1791989700,3702
MINNESOTA,CLAY,27027,NORTHWEST,10,2020,479501,1811889900,3778
MINNESOTA,CLAY,27027,NORTHWEST,10,2021,478543,1810334200,3783
MINNESOTA,CLAY,27027,NORTHWEST,10,2022,477861,2054898400,4300
MINNESOTA,CLAY,27027,NORTHWEST,10,2023,476927,2928891700,6141
MINNESOTA,CLEARWATER,27029,NORTHWEST,10,2010,100979,83515300,827
MINNESOTA,CLEARWATER,27029,NORTHWEST,10,2011,99810,82871300,830
MINNESOTA,CLEARWATER,27029,NORTHWEST,10,2012,100026,82962400,829
MINNESOTA,CLEARWATER,27029,NORTHWEST,10,2013,100141,83054700,829
MINNESOTA,CLEARWATER,27029,NORTHWEST,10,2014,100231,95239900,950
MINNESOTA,CLEARWATER,27029,NORTHWEST,10,2015,100346,101782800,1014
MINNESOTA,CLEARWATER,27029,NORTHWEST,10,2016,103830,108783800,1047
MINNESOTA,CLEARWATER,27029,NORTHWEST,10,2017,106207,113708300,1070
MINNESOTA,CLEARWATER,27029,NORTHWEST,10,2018,106363,120086600,1129
MINNESOTA,CLEARWATER,27029,NORTHWEST,10,2019,106415,120056800,1128
MINNESOTA,CLEARWATER,27029,NORTHWEST,10,2020,106409,122938500,1155
MINNESOTA,CLEARWATER,27029,NORTHWEST,10,2021,106350,123513500,1161
MINNESOTA,CLEARWATER,27029,NORTHWEST,10,2022,106301,142502300,1340
MINNESOTA,CLEARWATER,27029,NORTHWEST,10,2023,106360,173915200,1635
MINNESOTA,COOK,27031,NORTHEAST,30,2010,0,0,0
MINNESOTA,COOK,27031,NORTHEAST,30,2011,0,0,0
MINNESOTA,COOK,27031,NORTHEAST,30,2012,0,0,0
MINNESOTA,COOK,27031,NORTHEAST,30,2013,0,0,0
MINNESOTA,COOK,27031,NORTHEAST,30,2014,571,1175800,2059
MINNESOTA,COOK,27031,NORTHEAST,30,2015,561,1146200,2043
MINNESOTA,COOK,27031,NORTHEAST,30,2016,524,785100,1498
MINNESOTA,COOK,27031,NORTHEAST,30,2017,536,820700,1531
MINNESOTA,COOK,27031,NORTHEAST,30,2018,536,820400,1530
MINNESOTA,COOK,27031,NORTHEAST,30,2019,536,820400,1530
MINNESOTA,COOK,27031,NORTHEAST,30,2020,536,845900,1578
MINNESOTA,COOK,27031,NORTHEAST,30,2021,301,450500,1496
MINNESOTA,COOK,27031,NORTHEAST,30,2022,0,0,0
MINNESOTA,COOK,27031,NORTHEAST,30,2023,0,0,0
MINNESOTA,COTTONWOOD,27033,SOUTHWEST,70,2010,364127,1397854420,3838
MINNESOTA,COTTONWOOD,27033,SOUTHWEST,70,2011,364097,1571506446,4316
MINNESOTA,COTTONWOOD,27033,SOUTHWEST,70,2012,352778,1962905074,5564
MINNESOTA,COTTONWOOD,27033,SOUTHWEST,70,2013,351953,2843670580,8079
MINNESOTA,COTTONWOOD,27033,SOUTHWEST,70,2014,351922,3128408738,8889
MINNESOTA,COTTONWOOD,27033,SOUTHWEST,70,2015,351449,2620931673,7457
MINNESOTA,COTTONWOOD,27033,SOUTHWEST,70,2016,351348,2621251164,7460
MINNESOTA,COTTONWOOD,27033,SOUTHWEST,70,2017,350778,2491876644,7103
MINNESOTA,COTTONWOOD,27033,SOUTHWEST,70,2018,350619,2492052200,7107
MINNESOTA,COTTONWOOD,27033,SOUTHWEST,70,2019,350606,2492232100,7108
MINNESOTA,COTTONWOOD,27033,SOUTHWEST,70,2020,349653,2488221900,7116
MINNESOTA,COTTONWOOD,27033,SOUTHWEST,70,2021,349101,2369272800,6786
MINNESOTA,COTTONWOOD,27033,SOUTHWEST,70,2022,347865,2827787100,8128
MINNESOTA,COTTONWOOD,27033,SOUTHWEST,70,2023,347396,4545098600,13083
MINNESOTA,CROW WING,27035,EAST CENTRAL,60,2010,37376,84791904,2268
MINNESOTA,CROW WING,27035,EAST CENTRAL,60,2011,37532,80360300,2141
MINNESOTA,CROW WING,27035,EAST CENTRAL,60,2012,38541,74187900,1924
MINNESOTA,CROW WING,27035,EAST CENTRAL,60,2013,38746,72367000,1867
MINNESOTA,CROW WING,27035,EAST CENTRAL,60,2014,39041,68950100,1766
MINNESOTA,CROW WING,27035,EAST CENTRAL,60,2015,39266,69441800,1768
MINNESOTA,CROW WING,27035,EAST CENTRAL,60,2016,40624,72173000,1776
MINNESOTA,CROW WING,27035,EAST CENTRAL,60,2017,41353,77472800,1873
MINNESOTA,CROW WING,27035,EAST CENTRAL,60,2018,43649,84614700,1938
MINNESOTA,CROW WING,27035,EAST CENTRAL,60,2019,43447,85044593,1957
MINNESOTA,CROW WING,27035,EAST CENTRAL,60,2020,43639,93864000,2150
MINNESOTA,CROW WING,27035,EAST CENTRAL,60,2021,43858,89701045,2045
MINNESOTA,CROW WING,27035,EAST CENTRAL,60,2022,43698,105691800,2418
MINNESOTA,CROW WING,27035,EAST CENTRAL,60,2023,43561,109286000,2508
MINNESOTA,DAKOTA,27037,SOUTHEAST,90,2010,159739,995671980,6233
MINNESOTA,DAKOTA,27037,SOUTHEAST,90,2011,161301,996185860,6175
MINNESOTA,DAKOTA,27037,SOUTHEAST,90,2012,161151,1036077076,6429
MINNESOTA,DAKOTA,27037,SOUTHEAST,90,2013,161547,1243974604,7700
MINNESOTA,DAKOTA,27037,SOUTHEAST,90,2014,161154,1313373496,8149
MINNESOTA,DAKOTA,27037,SOUTHEAST,90,2015,160708,1320199953,8214
MINNESOTA,DAKOTA,27037,SOUTHEAST,90,2016,160131,1311640556,8191
MINNESOTA,DAKOTA,27037,SOUTHEAST,90,2017,158249,1219881542,7708
MINNESOTA,DAKOTA,27037,SOUTHEAST,90,2018,145593,1136916000,7808
MINNESOTA,DAKOTA,27037,SOUTHEAST,90,2019,144996,1160947300,8006
MINNESOTA,DAKOTA,27037,SOUTHEAST,90,2020,144336,1198089800,8300
MINNESOTA,DAKOTA,27037,SOUTHEAST,90,2021,143615,1223489700,8519
MINNESOTA,DAKOTA,27037,SOUTHEAST,90,2022,146100,1299383100,8893
MINNESOTA,DAKOTA,27037,SOUTHEAST,90,2023,135610,1361822100,10042
MINNESOTA,DODGE,27039,SOUTHEAST,90,2010,229201,973065500,4245
MINNESOTA,DODGE,27039,SOUTHEAST,90,2011,229288,1074200500,4684
MINNESOTA,DODGE,27039,SOUTHEAST,90,2012,229096,1284626200,5607
MINNESOTA,DODGE,27039,SOUTHEAST,90,2013,229164,1707487100,7450
MINNESOTA,DODGE,27039,SOUTHEAST,90,2014,229791,1804081500,7850
MINNESOTA,DODGE,27039,SOUTHEAST,90,2015,229759,1803321300,7848
MINNESOTA,DODGE,27039,SOUTHEAST,90,2016,229429,1653883900,7208
MINNESOTA,DODGE,27039,SOUTHEAST,90,2017,229205,1560186100,6806
MINNESOTA,DODGE,27039,SOUTHEAST,90,2018,228296,1554204900,6807
MINNESOTA,DODGE,27039,SOUTHEAST,90,2019,227311,1729715100,7609
MINNESOTA,DODGE,27039,SOUTHEAST,90,2020,226128,1722089400,7615
MINNESOTA,DODGE,27039,SOUTHEAST,90,2021,225657,1718263100,7614
MINNESOTA,DODGE,27039,SOUTHEAST,90,2022,224563,1764348000,7856
MINNESOTA,DODGE,27039,SOUTHEAST,90,2023,224018,2456252800,10964
MINNESOTA,DOUGLAS,27041,WEST CENTRAL,40,2010,193261,409563800,2119
MINNESOTA,DOUGLAS,27041,WEST CENTRAL,40,2011,192715,408601700,2120
MINNESOTA,DOUGLAS,27041,WEST CENTRAL,40,2012,192381,407415200,2117
MINNESOTA,DOUGLAS,27041,WEST CENTRAL,40,2013,188047,557188600,2963
MINNESOTA,DOUGLAS,27041,WEST CENTRAL,40,2014,189979,670754300,3530
MINNESOTA,DOUGLAS,27041,WEST CENTRAL,40,2015,187660,665303200,3545
MINNESOTA,DOUGLAS,27041,WEST CENTRAL,40,2016,187296,638016200,3406
MINNESOTA,DOUGLAS,27041,WEST CENTRAL,40,2017,186482,635026700,3405
MINNESOTA,DOUGLAS,27041,WEST CENTRAL,40,2018,186147,634049500,3406
MINNESOTA,DOUGLAS,27041,WEST CENTRAL,40,2019,185445,631162500,3403
MINNESOTA,DOUGLAS,27041,WEST CENTRAL,40,2020,184386,628455900,3408
MINNESOTA,DOUGLAS,27041,WEST CENTRAL,40,2021,198008,665405100,3360
MINNESOTA,DOUGLAS,27041,WEST CENTRAL,40,2022,197176,680119300,3449
MINNESOTA,DOUGLAS,27041,WEST CENTRAL,40,2023,196782,817753100,4155
MINNESOTA,FARIBAULT,27043,SOUTH CENTRAL,80,2010,392069,1665716184,4248
MINNESOTA,FARIBAULT,27043,SOUTH CENTRAL,80,2011,392105,1866139588,4759
MINNESOTA,FARIBAULT,27043,SOUTH CENTRAL,80,2012,391970,2089445731,5330
MINNESOTA,FARIBAULT,27043,SOUTH CENTRAL,80,2013,391776,3028382462,7729
MINNESOTA,FARIBAULT,27043,SOUTH CENTRAL,80,2014,391478,3389472003,8658
MINNESOTA,FARIBAULT,27043,SOUTH CENTRAL,80,2015,391480,3029952907,7739
MINNESOTA,FARIBAULT,27043,SOUTH CENTRAL,80,2016,391702,2880099774,7352
MINNESOTA,FARIBAULT,27043,SOUTH CENTRAL,80,2017,390695,2721344894,6965
MINNESOTA,FARIBAULT,27043,SOUTH CENTRAL,80,2018,390907,2723060600,6966
MINNESOTA,FARIBAULT,27043,SOUTH CENTRAL,80,2019,390786,2722356109,6966
MINNESOTA,FARIBAULT,27043,SOUTH CENTRAL,80,2020,390647,2721489500,6966
MINNESOTA,FARIBAULT,27043,SOUTH CENTRAL,80,2021,390580,2721199248,6967
MINNESOTA,FARIBAULT,27043,SOUTH CENTRAL,80,2022,390512,3053223000,7818
MINNESOTA,FARIBAULT,27043,SOUTH CENTRAL,80,2023,390717,4218568900,10796
MINNESOTA,FILLMORE,27045,SOUTHEAST,90,2010,333333,1155572772,3466
MINNESOTA,FILLMORE,27045,SOUTHEAST,90,2011,331398,1244143799,3754
MINNESOTA,FILLMORE,27045,SOUTHEAST,90,2012,332415,1580690226,4755
MINNESOTA,FILLMORE,27045,SOUTHEAST,90,2013,332488,1983783234,5966
MINNESOTA,FILLMORE,27045,SOUTHEAST,90,2014,332422,2382809131,7168
MINNESOTA,FILLMORE,27045,SOUTHEAST,90,2015,332773,2359126058,7089
MINNESOTA,FILLMORE,27045,SOUTHEAST,90,2016,332873,1924974667,5782
MINNESOTA,FILLMORE,27045,SOUTHEAST,90,2017,339092,2124903975,6266
MINNESOTA,FILLMORE,27045,SOUTHEAST,90,2018,341986,2144096900,6269
MINNESOTA,FILLMORE,27045,SOUTHEAST,90,2019,342163,2274816034,6648
MINNESOTA,FILLMORE,27045,SOUTHEAST,90,2020,341764,2146999200,6282
MINNESOTA,FILLMORE,27045,SOUTHEAST,90,2021,341524,2141229769,6269
MINNESOTA,FILLMORE,27045,SOUTHEAST,90,2022,341742,2363104200,6914
MINNESOTA,FILLMORE,27045,SOUTHEAST,90,2023,342785,3028082700,8833
MINNESOTA,FREEBORN,27047,SOUTH CENTRAL,80,2010,370847,1597927788,4308
MINNESOTA,FREEBORN,27047,SOUTH CENTRAL,80,2011,370579,1670847908,4508
MINNESOTA,FREEBORN,27047,SOUTH CENTRAL,80,2012,370229,1938760590,5236
MINNESOTA,FREEBORN,27047,SOUTH CENTRAL,80,2013,368956,2702463315,7324
MINNESOTA,FREEBORN,27047,SOUTH CENTRAL,80,2014,368546,2968641900,8055
MINNESOTA,FREEBORN,27047,SOUTH CENTRAL,80,2015,367699,2666454500,7251
MINNESOTA,FREEBORN,27047,SOUTH CENTRAL,80,2016,366877,2513923100,6852
MINNESOTA,FREEBORN,27047,SOUTH CENTRAL,80,2017,366053,2331565100,6369
MINNESOTA,FREEBORN,27047,SOUTH CENTRAL,80,2018,364765,2264048400,6206
MINNESOTA,FREEBORN,27047,SOUTH CENTRAL,80,2019,362184,2248050800,6206
MINNESOTA,FREEBORN,27047,SOUTH CENTRAL,80,2020,361164,2125675300,5885
MINNESOTA,FREEBORN,27047,SOUTH CENTRAL,80,2021,359597,2172888236,6042
MINNESOTA,FREEBORN,27047,SOUTH CENTRAL,80,2022,358612,2625013800,7319
MINNESOTA,FREEBORN,27047,SOUTH CENTRAL,80,2023,358021,3245195000,9064
MINNESOTA,GOODHUE,27049,SOUTHEAST,90,2010,314315,1274910653,4056
MINNESOTA,GOODHUE,27049,SOUTHEAST,90,2011,313990,1364685677,4346
MINNESOTA,GOODHUE,27049,SOUTHEAST,90,2012,313206,1526672675,4874
MINNESOTA,GOODHUE,27049,SOUTHEAST,90,2013,309798,2059992572,6649
MINNESOTA,GOODHUE,27049,SOUTHEAST,90,2014,308324,2053639184,6660
MINNESOTA,GOODHUE,27049,SOUTHEAST,90,2015,306707,1995986762,6507
MINNESOTA,GOODHUE,27049,SOUTHEAST,90,2016,305454,1941340668,6355
MINNESOTA,GOODHUE,27049,SOUTHEAST,90,2017,300978,1915887518,6365
MINNESOTA,GOODHUE,27049,SOUTHEAST,90,2018,299121,2044747200,6835
MINNESOTA,GOODHUE,27049,SOUTHEAST,90,2019,297647,1943225900,6528
MINNESOTA,GOODHUE,27049,SOUTHEAST,90,2020,295538,1931762700,6536
MINNESOTA,GOODHUE,27049,SOUTHEAST,90,2021,290522,1955584300,6731
MINNESOTA,GOODHUE,27049,SOUTHEAST,90,2022,288984,2189252000,7575
MINNESOTA,GOODHUE,27049,SOUTHEAST,90,2023,288183,2630786700,9128
MINNESOTA,GRANT,27051,WEST CENTRAL,40,2010,263131,736736594,2799
MINNESOTA,GRANT,27051,WEST CENTRAL,40,2011,263239,697097872,2648
MINNESOTA,GRANT,27051,WEST CENTRAL,40,2012,262807,736919223,2804
MINNESOTA,GRANT,27051,WEST CENTRAL,40,2013,256402,982011527,3829
MINNESOTA,GRANT,27051,WEST CENTRAL,40,2014,256414,1350483174,5266
MINNESOTA,GRANT,27051,WEST CENTRAL,40,2015,255626,1529669300,5984
MINNESOTA,GRANT,27051,WEST CENTRAL,40,2016,255011,1266674700,4967
MINNESOTA,GRANT,27051,WEST CENTRAL,40,2017,254990,1337218700,5244
MINNESOTA,GRANT,27051,WEST CENTRAL,40,2018,254660,1334770800,5241
MINNESOTA,GRANT,27051,WEST CENTRAL,40,2019,255052,1294261100,5074
MINNESOTA,GRANT,27051,WEST CENTRAL,40,2020,254282,1291557900,5079
MINNESOTA,GRANT,27051,WEST CENTRAL,40,2021,254269,1247238700,4905
MINNESOTA,GRANT,27051,WEST CENTRAL,40,2022,254640,1340951000,5266
MINNESOTA,GRANT,27051,WEST CENTRAL,40,2023,254145,1569369800,6175
MINNESOTA,HENNEPIN,27053,EAST CENTRAL,60,2010,36164,978855200,27067
MINNESOTA,HENNEPIN,27053,EAST CENTRAL,60,2011,35960,869229800,24172
MINNESOTA,HENNEPIN,27053,EAST CENTRAL,60,2012,35676,763947500,21413
MINNESOTA,HENNEPIN,27053,EAST CENTRAL,60,2013,35494,667674200,18810
MINNESOTA,HENNEPIN,27053,EAST CENTRAL,60,2014,35193,637860800,18124
MINNESOTA,HENNEPIN,27053,EAST CENTRAL,60,2015,34372,624316000,18163
MINNESOTA,HENNEPIN,27053,EAST CENTRAL,60,2016,33779,611204200,18094
MINNESOTA,HENNEPIN,27053,EAST CENTRAL,60,2017,31531,629310500,19958
MINNESOTA,HENNEPIN,27053,EAST CENTRAL,60,2018,35159,663887400,18882
MINNESOTA,HENNEPIN,27053,EAST CENTRAL,60,2019,32271,567580985,17587
MINNESOTA,HENNEPIN,27053,EAST CENTRAL,60,2020,24089,389462100,16167
MINNESOTA,HENNEPIN,27053,EAST CENTRAL,60,2021,20353,317702420,15609
MINNESOTA,HENNEPIN,27053,EAST CENTRAL,60,2022,29552,580945100,19658
MINNESOTA,HENNEPIN,27053,EAST CENTRAL,60,2023,28570,578249300,20239
MINNESOTA,HOUSTON,27055,SOUTHEAST,90,2010,161346,433167947,2684
MINNESOTA,HOUSTON,27055,SOUTHEAST,90,2011,161104,489497802,3038
MINNESOTA,HOUSTON,27055,SOUTHEAST,90,2012,160872,568516761,3533
MINNESOTA,HOUSTON,27055,SOUTHEAST,90,2013,160866,737647719,4585
MINNESOTA,HOUSTON,27055,SOUTHEAST,90,2014,160715,851635473,5299
MINNESOTA,HOUSTON,27055,SOUTHEAST,90,2015,160569,817070437,5088
MINNESOTA,HOUSTON,27055,SOUTHEAST,90,2016,160169,770242729,4808
MINNESOTA,HOUSTON,27055,SOUTHEAST,90,2017,159360,800478370,5023
MINNESOTA,HOUSTON,27055,SOUTHEAST,90,2018,158638,797691000,5028
MINNESOTA,HOUSTON,27055,SOUTHEAST,90,2019,158359,795600911,5024
MINNESOTA,HOUSTON,27055,SOUTHEAST,90,2020,157913,837288300,5302
MINNESOTA,HOUSTON,27055,SOUTHEAST,90,2021,149517,788048949,5270
MINNESOTA,HOUSTON,27055,SOUTHEAST,90,2022,148857,901919400,6058
MINNESOTA,HOUSTON,27055,SOUTHEAST,90,2023,147762,993785500,6725
MINNESOTA,HUBBARD,27057,NORTH CENTRAL,20,2010,55328,111468338,2014
MINNESOTA,HUBBARD,27057,NORTH CENTRAL,20,2011,55844,112954053,2022
MINNESOTA,HUBBARD,27057,NORTH CENTRAL,20,2012,56695,125564154,2214
MINNESOTA,HUBBARD,27057,NORTH CENTRAL,20,2013,56344,125386969,2225
MINNESOTA,HUBBARD,27057,NORTH CENTRAL,20,2014,56748,131740417,2321
MINNESOTA,HUBBARD,27057,NORTH CENTRAL,20,2015,56928,133970264,2353
MINNESOTA,HUBBARD,27057,NORTH CENTRAL,20,2016,56961,113843050,1998
MINNESOTA,HUBBARD,27057,NORTH CENTRAL,20,2017,57041,120671209,2115
MINNESOTA,HUBBARD,27057,NORTH CENTRAL,20,2018,56803,120234100,2116
MINNESOTA,HUBBARD,27057,NORTH CENTRAL,20,2019,57095,124858005,2186
MINNESOTA,HUBBARD,27057,NORTH CENTRAL,20,2020,57184,125239100,2190
MINNESOTA,HUBBARD,27057,NORTH CENTRAL,20,2021,57202,125641132,2196
MINNESOTA,HUBBARD,27057,NORTH CENTRAL,20,2022,59771,147561300,2468
MINNESOTA,HUBBARD,27057,NORTH CENTRAL,20,2023,59653,163609900,2742
MINNESOTA,ISANTI,27059,EAST CENTRAL,60,2010,103696,445100200,4292
MINNESOTA,ISANTI,27059,EAST CENTRAL,60,2011,101180,350041600,3459
MINNESOTA,ISANTI,27059,EAST CENTRAL,60,2012,97572,313305500,3211
MINNESOTA,ISANTI,27059,EAST CENTRAL,60,2013,96283,284663900,2956
MINNESOTA,ISANTI,27059,EAST CENTRAL,60,2014,96396,320201800,3321
MINNESOTA,ISANTI,27059,EAST CENTRAL,60,2015,95971,326771200,3404
MINNESOTA,ISANTI,27059,EAST CENTRAL,60,2016,92441,316715200,3426
MINNESOTA,ISANTI,27059,EAST CENTRAL,60,2017,92465,327693700,3543
MINNESOTA,ISANTI,27059,EAST CENTRAL,60,2018,92484,328482200,3551
MINNESOTA,ISANTI,27059,EAST CENTRAL,60,2019,92272,333755100,3617
MINNESOTA,ISANTI,27059,EAST CENTRAL,60,2020,91373,348853600,3817
MINNESOTA,ISANTI,27059,EAST CENTRAL,60,2021,90844,386140700,4250
MINNESOTA,ISANTI,27059,EAST CENTRAL,60,2022,89831,469871600,5230
MINNESOTA,ISANTI,27059,EAST CENTRAL,60,2023,88393,527163400,5963
MINNESOTA,ITASCA,27061,NORTH CENTRAL,20,2010,27892,39884700,1429
MINNESOTA,ITASCA,27061,NORTH CENTRAL,20,2011,27972,40014200,1430
MINNESOTA,ITASCA,27061,NORTH CENTRAL,20,2012,28131,40177400,1428
MINNESOTA,ITASCA,27061,NORTH CENTRAL,20,2013,28223,33202700,1176
MINNESOTA,ITASCA,27061,NORTH CENTRAL,20,2014,27968,36164100,1293
MINNESOTA,ITASCA,27061,NORTH CENTRAL,20,2015,27394,35441000,1293
MINNESOTA,ITASCA,27061,NORTH CENTRAL,20,2016,27573,33890800,1229
MINNESOTA,ITASCA,27061,NORTH CENTRAL,20,2017,27402,34286800,1251
MINNESOTA,ITASCA,27061,NORTH CENTRAL,20,2018,27574,33289200,1207
MINNESOTA,ITASCA,27061,NORTH CENTRAL,20,2019,26993,33378500,1236
MINNESOTA,ITASCA,27061,NORTH CENTRAL,20,2020,25001,30924200,1236
MINNESOTA,ITASCA,27061,NORTH CENTRAL,20,2021,24388,31828600,1305
MINNESOTA,ITASCA,27061,NORTH CENTRAL,20,2022,23463,40261800,1715
MINNESOTA,ITASCA,27061,NORTH CENTRAL,20,2023,23350,40866900,1750
MINNESOTA,JACKSON,27063,SOUTHWEST,70,2010,375383,1629577462,4341
MINNESOTA,JACKSON,27063,SOUTHWEST,70,2011,375109,1791129580,4774
MINNESOTA,JACKSON,27063,SOUTHWEST,70,2012,374868,2237732128,5969
MINNESOTA,JACKSON,27063,SOUTHWEST,70,2013,374922,3133279004,8357
MINNESOTA,JACKSON,27063,SOUTHWEST,70,2014,374362,2985394855,7974
MINNESOTA,JACKSON,27063,SOUTHWEST,70,2015,373001,2923936334,7838
MINNESOTA,JACKSON,27063,SOUTHWEST,70,2016,372599,2920671650,7838
MINNESOTA,JACKSON,27063,SOUTHWEST,70,2017,372325,2795455953,7508
MINNESOTA,JACKSON,27063,SOUTHWEST,70,2018,372240,2588947000,6955
MINNESOTA,JACKSON,27063,SOUTHWEST,70,2019,372069,2429512309,6529
MINNESOTA,JACKSON,27063,SOUTHWEST,70,2020,371834,2405062400,6468
MINNESOTA,JACKSON,27063,SOUTHWEST,70,2021,371000,2400983127,6471
MINNESOTA,JACKSON,27063,SOUTHWEST,70,2022,370805,2949831200,7955
MINNESOTA,JACKSON,27063,SOUTHWEST,70,2023,370699,4001313800,10793
MINNESOTA,KANABEC,27065,EAST CENTRAL,60,2010,67905,105104816,1547
MINNESOTA,KANABEC,27065,EAST CENTRAL,60,2011,67566,101077933,1495
MINNESOTA,KANABEC,27065,EAST CENTRAL,60,2012,66824,96715281,1447
MINNESOTA,KANABEC,27065,EAST CENTRAL,60,2013,67164,105599524,1572
MINNESOTA,KANABEC,27065,EAST CENTRAL,60,2014,67049,118158248,1762
MINNESOTA,KANABEC,27065,EAST CENTRAL,60,2015,67000,120268255,1795
MINNESOTA,KANABEC,27065,EAST CENTRAL,60,2016,66611,115060260,1727
MINNESOTA,KANABEC,27065,EAST CENTRAL,60,2017,65691,115803077,1762
MINNESOTA,KANABEC,27065,EAST CENTRAL,60,2018,64745,111583400,1723
MINNESOTA,KANABEC,27065,EAST CENTRAL,60,2019,62232,105498940,1695
MINNESOTA,KANABEC,27065,EAST CENTRAL,60,2020,61540,104336300,1695
MINNESOTA,KANABEC,27065,EAST CENTRAL,60,2021,60561,106894182,1765
MINNESOTA,KANABEC,27065,EAST CENTRAL,60,2022,60258,151365000,2511
MINNESOTA,KANABEC,27065,EAST CENTRAL,60,2023,59539,200575700,3368
MINNESOTA,KANDIYOHI,27067,CENTRAL,50,2010,350859,1232947947,3514
MINNESOTA,KANDIYOHI,27067,CENTRAL,50,2011,350508,1318931930,3762
MINNESOTA,KANDIYOHI,27067,CENTRAL,50,2012,350902,1620237530,4617
MINNESOTA,KANDIYOHI,27067,CENTRAL,50,2013,350016,1940328277,5543
MINNESOTA,KANDIYOHI,27067,CENTRAL,50,2014,349613,2182381424,6242
MINNESOTA,KANDIYOHI,27067,CENTRAL,50,2015,337860,2241614878,6634
MINNESOTA,KANDIYOHI,27067,CENTRAL,50,2016,349077,2105607581,6031
MINNESOTA,KANDIYOHI,27067,CENTRAL,50,2017,336675,2050253000,6089
MINNESOTA,KANDIYOHI,27067,CENTRAL,50,2018,335792,1974029600,5878
MINNESOTA,KANDIYOHI,27067,CENTRAL,50,2019,334238,1957404100,5856
MINNESOTA,KANDIYOHI,27067,CENTRAL,50,2020,332955,1875214600,5632
MINNESOTA,KANDIYOHI,27067,CENTRAL,50,2021,332630,1873054300,5631
MINNESOTA,KANDIYOHI,27067,CENTRAL,50,2022,332169,2242667100,6751
MINNESOTA,KANDIYOHI,27067,CENTRAL,50,2023,331556,2821460000,8509
MINNESOTA,KITTSON,27069,NORTHWEST,10,2010,463060,508980176,1099
MINNESOTA,KITTSON,27069,NORTHWEST,10,2011,463069,511962742,1105
MINNESOTA,KITTSON,27069,NORTHWEST,10,2012,462889,607376022,1312
MINNESOTA,KITTSON,27069,NORTHWEST,10,2013,462859,780302364,1685
MINNESOTA,KITTSON,27069,NORTHWEST,10,2014,462955,867201100,1873
MINNESOTA,KITTSON,27069,NORTHWEST,10,2015,462673,866884312,1873
MINNESOTA,KITTSON,27069,NORTHWEST,10,2016,462386,865932706,1872
MINNESOTA,KITTSON,27069,NORTHWEST,10,2017,462527,922930218,1995
MINNESOTA,KITTSON,27069,NORTHWEST,10,2018,462180,922229700,1995
MINNESOTA,KITTSON,27069,NORTHWEST,10,2019,461300,921319494,1997
MINNESOTA,KITTSON,27069,NORTHWEST,10,2020,461306,921316800,1997
MINNESOTA,KITTSON,27069,NORTHWEST,10,2021,459486,920716727,2003
MINNESOTA,KITTSON,27069,NORTHWEST,10,2022,460528,1070839000,2325
MINNESOTA,KITTSON,27069,NORTHWEST,10,2023,458988,1103105500,2403
MINNESOTA,KOOCHICHING,27071,NORTH CENTRAL,20,2010,5796,3991500,688
MINNESOTA,KOOCHICHING,27071,NORTH CENTRAL,20,2011,6519,4504100,690
MINNESOTA,KOOCHICHING,27071,NORTH CENTRAL,20,2012,6527,4509100,690
MINNESOTA,KOOCHICHING,27071,NORTH CENTRAL,20,2013,6403,4424800,691
MINNESOTA,KOOCHICHING,27071,NORTH CENTRAL,20,2014,6534,4517100,691
MINNESOTA,KOOCHICHING,27071,NORTH CENTRAL,20,2015,6551,4532300,691
MINNESOTA,KOOCHICHING,27071,NORTH CENTRAL,20,2016,12674,8815700,695
MINNESOTA,KOOCHICHING,27071,NORTH CENTRAL,20,2017,15659,10957900,699
MINNESOTA,KOOCHICHING,27071,NORTH CENTRAL,20,2018,15118,11000200,727
MINNESOTA,KOOCHICHING,27071,NORTH CENTRAL,20,2019,15156,10605600,699
MINNESOTA,KOOCHICHING,27071,NORTH CENTRAL,20,2020,15003,10498100,699
MINNESOTA,KOOCHICHING,27071,NORTH CENTRAL,20,2021,14799,10356100,699
MINNESOTA,KOOCHICHING,27071,NORTH CENTRAL,20,2022,14799,10379200,701
MINNESOTA,KOOCHICHING,27071,NORTH CENTRAL,20,2023,14890,14137100,949
MINNESOTA,LAC QUI PARLE,27073,WEST CENTRAL,40,2010,381713,1174127400,3075
MINNESOTA,LAC QUI PARLE,27073,WEST CENTRAL,40,2011,381639,1173959300,3076
MINNESOTA,LAC QUI PARLE,27073,WEST CENTRAL,40,2012,381731,1345171400,3523
MINNESOTA,LAC QUI PARLE,27073,WEST CENTRAL,40,2013,381464,1952293800,5117
MINNESOTA,LAC QUI PARLE,27073,WEST CENTRAL,40,2014,381243,2339344100,6136
MINNESOTA,LAC QUI PARLE,27073,WEST CENTRAL,40,2015,380975,2135196800,5604
MINNESOTA,LAC QUI PARLE,27073,WEST CENTRAL,40,2016,380407,1977888400,5199
MINNESOTA,LAC QUI PARLE,27073,WEST CENTRAL,40,2017,380280,1829183200,4810
MINNESOTA,LAC QUI PARLE,27073,WEST CENTRAL,40,2018,379645,1951371300,5139
MINNESOTA,LAC QUI PARLE,27073,WEST CENTRAL,40,2019,378327,1899460200,5020
MINNESOTA,LAC QUI PARLE,27073,WEST CENTRAL,40,2020,378033,1899523600,5024
MINNESOTA,LAC QUI PARLE,27073,WEST CENTRAL,40,2021,377808,1894196500,5013
MINNESOTA,LAC QUI PARLE,27073,WEST CENTRAL,40,2022,377621,2080958700,5510
MINNESOTA,LAC QUI PARLE,27073,WEST CENTRAL,40,2023,377471,2506760100,6640
MINNESOTA,LAKE,27075,NORTHEAST,30,2010,690,1174600,1702
MINNESOTA,LAKE,27075,NORTHEAST,30,2011,599,951900,1589
MINNESOTA,LAKE,27075,NORTHEAST,30,2012,611,917500,1501
MINNESOTA,LAKE,27075,NORTHEAST,30,2013,611,813800,1331
MINNESOTA,LAKE,27075,NORTHEAST,30,2014,611,813800,1331
MINNESOTA,LAKE,27075,NORTHEAST,30,2015,444,568700,1280
MINNESOTA,LAKE,27075,NORTHEAST,30,2016,455,598900,1316
MINNESOTA,LAKE,27075,NORTHEAST,30,2017,434,564500,1300
MINNESOTA,LAKE,27075,NORTHEAST,30,2018,293,404700,1381
MINNESOTA,LAKE,27075,NORTHEAST,30,2019,293,419900,1433
MINNESOTA,LAKE,27075,NORTHEAST,30,2020,293,437500,1493
MINNESOTA,LAKE,27075,NORTHEAST,30,2021,295,533800,1809
MINNESOTA,LAKE,27075,NORTHEAST,30,2022,295,571300,1936
MINNESOTA,LAKE,27075,NORTHEAST,30,2023,234,626300,2676
MINNESOTA,LAKE OF THE WOODS,27077,NORTH CENTRAL,20,2010,74017,46512200,628
MINNESOTA,LAKE OF THE WOODS,27077,NORTH CENTRAL,20,2011,73651,46801900,635
MINNESOTA,LAKE OF THE WOODS,27077,NORTH CENTRAL,20,2012,71725,45830900,638
MINNESOTA,LAKE OF THE WOODS,27077,NORTH CENTRAL,20,2013,68216,44459400,651
MINNESOTA,LAKE OF THE WOODS,27077,NORTH CENTRAL,20,2014,64307,50860600,790
MINNESOTA,LAKE OF THE WOODS,27077,NORTH CENTRAL,20,2015,63968,53526900,836
MINNESOTA,LAKE OF THE WOODS,27077,NORTH CENTRAL,20,2016,62145,51532087,829
MINNESOTA,LAKE OF THE WOODS,27077,NORTH CENTRAL,20,2017,61548,46061400,748
MINNESOTA,LAKE OF THE WOODS,27077,NORTH CENTRAL,20,2018,62113,47911300,771
MINNESOTA,LAKE OF THE WOODS,27077,NORTH CENTRAL,20,2019,62039,56644000,913
MINNESOTA,LAKE OF THE WOODS,27077,NORTH CENTRAL,20,2020,61855,55184800,892
MINNESOTA,LAKE OF THE WOODS,27077,NORTH CENTRAL,20,2021,62022,55310100,891
MINNESOTA,LAKE OF THE WOODS,27077,NORTH CENTRAL,20,2022,62155,83454400,1342
MINNESOTA,LAKE OF THE WOODS,27077,NORTH CENTRAL,20,2023,62342,83654600,1341
MINNESOTA,LE SUEUR,27079,SOUTH CENTRAL,80,2010,195664,947655325,4843
MINNESOTA,LE SUEUR,27079,SOUTH CENTRAL,80,2011,195367,946281568,4843
MINNESOTA,LE SUEUR,27079,SOUTH CENTRAL,80,2012,194679,1111367779,5708
MINNESOTA,LE SUEUR,27079,SOUTH CENTRAL,80,2013,194389,1317393091,6777
MINNESOTA,LE SUEUR,27079,SOUTH CENTRAL,80,2014,194209,1344701890,6923
MINNESOTA,LE SUEUR,27079,SOUTH CENTRAL,80,2015,193328,1340008438,6931
MINNESOTA,LE SUEUR,27079,SOUTH CENTRAL,80,2016,192906,1337505363,6933
MINNESOTA,LE SUEUR,27079,SOUTH CENTRAL,80,2017,191812,1327015185,6918
MINNESOTA,LE SUEUR,27079,SOUTH CENTRAL,80,2018,190908,1324955800,6940
MINNESOTA,LE SUEUR,27079,SOUTH CENTRAL,80,2019,190047,1319123696,6941
MINNESOTA,LE SUEUR,27079,SOUTH CENTRAL,80,2020,189381,1312609500,6931
MINNESOTA,LE SUEUR,27079,SOUTH CENTRAL,80,2021,189029,1310421581,6932
MINNESOTA,LE SUEUR,27079,SOUTH CENTRAL,80,2022,188801,1403085200,7431
MINNESOTA,LE SUEUR,27079,SOUTH CENTRAL,80,2023,188162,1711914100,9098
MINNESOTA,LINCOLN,27081,SOUTHWEST,70,2010,272399,787511992,2891
MINNESOTA,LINCOLN,27081,SOUTHWEST,70,2011,272706,905203170,3319
MINNESOTA,LINCOLN,27081,SOUTHWEST,70,2012,272663,1074448873,3940
MINNESOTA,LINCOLN,27081,SOUTHWEST,70,2013,272629,1450013377,5318
MINNESOTA,LINCOLN,27081,SOUTHWEST,70,2014,272482,1667429040,6119
MINNESOTA,LINCOLN,27081,SOUTHWEST,70,2015,272562,1751219442,6425
MINNESOTA,LINCOLN,27081,SOUTHWEST,70,2016,271800,1746721032,6426
MINNESOTA,LINCOLN,27081,SOUTHWEST,70,2017,270249,1300385500,4811
MINNESOTA,LINCOLN,27081,SOUTHWEST,70,2018,270134,1299897500,4812
MINNESOTA,LINCOLN,27081,SOUTHWEST,70,2019,269881,1428791000,5294
MINNESOTA,LINCOLN,27081,SOUTHWEST,70,2020,269219,1211011200,4498
MINNESOTA,LINCOLN,27081,SOUTHWEST,70,2021,269057,1271288100,4724
MINNESOTA,LINCOLN,27081,SOUTHWEST,70,2022,268356,1811571700,6750
MINNESOTA,LINCOLN,27081,SOUTHWEST,70,2023,268233,2023520300,7543
MINNESOTA,LYON,27083,SOUTHWEST,70,2010,387078,1438798679,3717
MINNESOTA,LYON,27083,SOUTHWEST,70,2011,385447,1596844094,4142
MINNESOTA,LYON,27083,SOUTHWEST,70,2012,378373,1971312233,5209
MINNESOTA,LYON,27083,SOUTHWEST,70,2013,378194,2649909337,7006
MINNESOTA,LYON,27083,SOUTHWEST,70,2014,373616,2929998837,7842
MINNESOTA,LYON,27083,SOUTHWEST,70,2015,373195,2722966916,7296
MINNESOTA,LYON,27083,SOUTHWEST,70,2016,372897,2588180178,6940
MINNESOTA,LYON,27083,SOUTHWEST,70,2017,371017,2373298642,6396
MINNESOTA,LYON,27083,SOUTHWEST,70,2018,370302,2358662100,6369
MINNESOTA,LYON,27083,SOUTHWEST,70,2019,370120,2240603400,6053
MINNESOTA,LYON,27083,SOUTHWEST,70,2020,369840,2239588800,6055
MINNESOTA,LYON,27083,SOUTHWEST,70,2021,369397,2358048911,6383
MINNESOTA,LYON,27083,SOUTHWEST,70,2022,358473,2762803100,7707
MINNESOTA,LYON,27083,SOUTHWEST,70,2023,358328,3776822800,10540
MINNESOTA,MAHNOMEN,27087,NORTHWEST,10,2010,161583,233180044,1443
MINNESOTA,MAHNOMEN,27087,NORTHWEST,10,2011,161265,241017634,1494
MINNESOTA,MAHNOMEN,27087,NORTHWEST,10,2012,161979,285394513,1761
MINNESOTA,MAHNOMEN,27087,NORTHWEST,10,2013,161930,350214951,2162
MINNESOTA,MAHNOMEN,27087,NORTHWEST,10,2014,161930,357742553,2209
MINNESOTA,MAHNOMEN,27087,NORTHWEST,10,2015,161920,373919193,2309
MINNESOTA,MAHNOMEN,27087,NORTHWEST,10,2016,163749,393828884,2405
MINNESOTA,MAHNOMEN,27087,NORTHWEST,10,2017,163444,393314502,2406
MINNESOTA,MAHNOMEN,27087,NORTHWEST,10,2018,163204,391459800,2398
MINNESOTA,MAHNOMEN,27087,NORTHWEST,10,2019,163216,449925500,2756
MINNESOTA,MAHNOMEN,27087,NORTHWEST,10,2020,163175,495315700,3035
MINNESOTA,MAHNOMEN,27087,NORTHWEST,10,2021,163161,523067500,3205
MINNESOTA,MAHNOMEN,27087,NORTHWEST,10,2022,163063,522752500,3205
MINNESOTA,MAHNOMEN,27087,NORTHWEST,10,2023,162968,763771600,4686
MINNESOTA,MARSHALL,27089,NORTHWEST,10,2010,810118,849255400,1048
MINNESOTA,MARSHALL,27089,NORTHWEST,10,2011,810203,937668900,1157
MINNESOTA,MARSHALL,27089,NORTHWEST,10,2012,809469,1143267700,1412
MINNESOTA,MARSHALL,27089,NORTHWEST,10,2013,808198,1730252800,2140
MINNESOTA,MARSHALL,27089,NORTHWEST,10,2014,808084,2075110200,2567
MINNESOTA,MARSHALL,27089,NORTHWEST,10,2015,811291,2102075900,2591
MINNESOTA,MARSHALL,27089,NORTHWEST,10,2016,810191,1827799600,2256
MINNESOTA,MARSHALL,27089,NORTHWEST,10,2017,809918,1686620600,2082
MINNESOTA,MARSHALL,27089,NORTHWEST,10,2018,809129,1627596200,2011
MINNESOTA,MARSHALL,27089,NORTHWEST,10,2019,808915,1697338900,2098
MINNESOTA,MARSHALL,27089,NORTHWEST,10,2020,808595,1696153200,2097
MINNESOTA,MARSHALL,27089,NORTHWEST,10,2021,808512,1695481000,2097
MINNESOTA,MARSHALL,27089,NORTHWEST,10,2022,808206,1975022800,2443
MINNESOTA,MARSHALL,27089,NORTHWEST,10,2023,807986,2438044400,3017
MINNESOTA,MARTIN,27091,SOUTH CENTRAL,80,2010,389898,1815448167,4656
MINNESOTA,MARTIN,27091,SOUTH CENTRAL,80,2011,389766,1935767904,4966
MINNESOTA,MARTIN,27091,SOUTH CENTRAL,80,2012,389651,2422233668,6216
MINNESOTA,MARTIN,27091,SOUTH CENTRAL,80,2013,389904,3390573883,8695
MINNESOTA,MARTIN,27091,SOUTH CENTRAL,80,2014,389826,3537685703,9075
MINNESOTA,MARTIN,27091,SOUTH CENTRAL,80,2015,385784,3146564070,8156
MINNESOTA,MARTIN,27091,SOUTH CENTRAL,80,2016,384365,2875907136,7482
MINNESOTA,MARTIN,27091,SOUTH CENTRAL,80,2017,384288,2797561248,7279
MINNESOTA,MARTIN,27091,SOUTH CENTRAL,80,2018,383809,2865613900,7466
MINNESOTA,MARTIN,27091,SOUTH CENTRAL,80,2019,383393,2720040269,7094
MINNESOTA,MARTIN,27091,SOUTH CENTRAL,80,2020,382663,2888290300,7547
MINNESOTA,MARTIN,27091,SOUTH CENTRAL,80,2021,380248,2816019969,7405
MINNESOTA,MARTIN,27091,SOUTH CENTRAL,80,2022,379628,3029464000,7980
MINNESOTA,MARTIN,27091,SOUTH CENTRAL,80,2023,379257,4418782800,11651
MINNESOTA,MCLEOD,27085,CENTRAL,50,2010,230514,1069327691,4638
MINNESOTA,MCLEOD,27085,CENTRAL,50,2011,230322,1068433048,4638
MINNESOTA,MCLEOD,27085,CENTRAL,50,2012,229774,1168631605,5086
MINNESOTA,MCLEOD,27085,CENTRAL,50,2013,229736,1463978400,6372
MINNESOTA,MCLEOD,27085,CENTRAL,50,2014,229780,1700167726,7399
MINNESOTA,MCLEOD,27085,CENTRAL,50,2015,229494,1772254699,7722
MINNESOTA,MCLEOD,27085,CENTRAL,50,2016,228944,1548210016,6762
MINNESOTA,MCLEOD,27085,CENTRAL,50,2017,228613,1393939915,6097
MINNESOTA,MCLEOD,27085,CENTRAL,50,2018,228107,1226183300,5375
MINNESOTA,MCLEOD,27085,CENTRAL,50,2019,227941,1315400305,5770
MINNESOTA,MCLEOD,27085,CENTRAL,50,2020,227720,1314256700,5771
MINNESOTA,MCLEOD,27085,CENTRAL,50,2021,227507,1312906331,5770
MINNESOTA,MCLEOD,27085,CENTRAL,50,2022,226806,1486183700,6552
MINNESOTA,MCLEOD,27085,CENTRAL,50,2023,226631,1949481500,8602
MINNESOTA,MEEKER,27093,CENTRAL,50,2010,268704,885787160,3296
MINNESOTA,MEEKER,27093,CENTRAL,50,2011,269623,965643402,3581
MINNESOTA,MEEKER,27093,CENTRAL,50,2012,269620,1088462244,4037
MINNESOTA,MEEKER,27093,CENTRAL,50,2013,269441,1337233852,4962
MINNESOTA,MEEKER,27093,CENTRAL,50,2014,269099,1459508617,5423
MINNESOTA,MEEKER,27093,CENTRAL,50,2015,268276,1463042664,5453
MINNESOTA,MEEKER,27093,CENTRAL,50,2016,267891,1420096106,5301
MINNESOTA,MEEKER,27093,CENTRAL,50,2017,266862,1425859600,5343
MINNESOTA,MEEKER,27093,CENTRAL,50,2018,266854,1417112400,5310
MINNESOTA,MEEKER,27093,CENTRAL,50,2019,266697,1363943800,5114
MINNESOTA,MEEKER,27093,CENTRAL,50,2020,266478,1363257300,5115
MINNESOTA,MEEKER,27093,CENTRAL,50,2021,266102,1361530500,5116
MINNESOTA,MEEKER,27093,CENTRAL,50,2022,265040,1533780600,5786
MINNESOTA,MEEKER,27093,CENTRAL,50,2023,264337,2120094100,8020
MINNESOTA,MILLE LACS,27095,EAST CENTRAL,60,2010,67771,129993200,1918
MINNESOTA,MILLE LACS,27095,EAST CENTRAL,60,2011,69381,146996700,2118
MINNESOTA,MILLE LACS,27095,EAST CENTRAL,60,2012,67839,150002000,2211
MINNESOTA,MILLE LACS,27095,EAST CENTRAL,60,2013,67139,155126200,2310
MINNESOTA,MILLE LACS,27095,EAST CENTRAL,60,2014,66929,176209100,2632
MINNESOTA,MILLE LACS,27095,EAST CENTRAL,60,2015,66931,176398400,2635
MINNESOTA,MILLE LACS,27095,EAST CENTRAL,60,2016,67485,149983300,2222
MINNESOTA,MILLE LACS,27095,EAST CENTRAL,60,2017,68809,153163100,2225
MINNESOTA,MILLE LACS,27095,EAST CENTRAL,60,2018,69082,153878000,2227
MINNESOTA,MILLE LACS,27095,EAST CENTRAL,60,2019,68959,154062000,2234
MINNESOTA,MILLE LACS,27095,EAST CENTRAL,60,2020,68861,176879100,2568
MINNESOTA,MILLE LACS,27095,EAST CENTRAL,60,2021,68973,178295200,2584
MINNESOTA,MILLE LACS,27095,EAST CENTRAL,60,2022,68666,206847900,3012
MINNESOTA,MILLE LACS,27095,EAST CENTRAL,60,2023,67997,238576000,3508
MINNESOTA,MORRISON,27097,CENTRAL,50,2010,215222,557728200,2591
MINNESOTA,MORRISON,27097,CENTRAL,50,2011,215124,555428100,2581
MINNESOTA,MORRISON,27097,CENTRAL,50,2012,215703,568208800,2634
MINNESOTA,MORRISON,27097,CENTRAL,50,2013,216284,589449100,2725
MINNESOTA,MORRISON,27097,CENTRAL,50,2014,217028,602161200,2774
MINNESOTA,MORRISON,27097,CENTRAL,50,2015,217030,620534400,2859
MINNESOTA,MORRISON,27097,CENTRAL,50,2016,216952,618363500,2850
MINNESOTA,MORRISON,27097,CENTRAL,50,2017,217328,649410500,2988
MINNESOTA,MORRISON,27097,CENTRAL,50,2018,217509,650252400,2989
MINNESOTA,MORRISON,27097,CENTRAL,50,2019,217547,648205300,2979
MINNESOTA,MORRISON,27097,CENTRAL,50,2020,217382,658104000,3027
MINNESOTA,MORRISON,27097,CENTRAL,50,2021,217383,680671200,3131
MINNESOTA,MORRISON,27097,CENTRAL,50,2022,217481,766847300,3526
MINNESOTA,MORRISON,27097,CENTRAL,50,2023,218100,1005116300,4608
MINNESOTA,MOWER,27099,SOUTHEAST,90,2010,382011,1582753100,4143
MINNESOTA,MOWER,27099,SOUTHEAST,90,2011,381757,1664869600,4361
MINNESOTA,MOWER,27099,SOUTHEAST,90,2012,381914,2026444500,5306
MINNESOTA,MOWER,27099,SOUTHEAST,90,2013,381799,2941446500,7704
MINNESOTA,MOWER,27099,SOUTHEAST,90,2014,381898,3009307900,7879
MINNESOTA,MOWER,27099,SOUTHEAST,90,2015,381516,2795062900,7326
MINNESOTA,MOWER,27099,SOUTHEAST,90,2016,380826,2707475500,7109
MINNESOTA,MOWER,27099,SOUTHEAST,90,2017,379879,2480800400,6530
MINNESOTA,MOWER,27099,SOUTHEAST,90,2018,378515,2472319200,6531
MINNESOTA,MOWER,27099,SOUTHEAST,90,2019,378008,2469027300,6531
MINNESOTA,MOWER,27099,SOUTHEAST,90,2020,377323,2574086000,6821
MINNESOTA,MOWER,27099,SOUTHEAST,90,2021,376874,2571069000,6822
MINNESOTA,MOWER,27099,SOUTHEAST,90,2022,376677,2904418100,7710
MINNESOTA,MOWER,27099,SOUTHEAST,90,2023,376418,4215905900,11200
MINNESOTA,MURRAY,27101,SOUTHWEST,70,2010,387366,1385471785,3576
MINNESOTA,MURRAY,27101,SOUTHWEST,70,2011,386966,1548899133,4002
MINNESOTA,MURRAY,27101,SOUTHWEST,70,2012,386585,1900147316,4915
MINNESOTA,MURRAY,27101,SOUTHWEST,70,2013,386736,2844994352,7356
MINNESOTA,MURRAY,27101,SOUTHWEST,70,2014,386477,3392584783,8778
MINNESOTA,MURRAY,27101,SOUTHWEST,70,2015,385829,2539666096,6582
MINNESOTA,MURRAY,27101,SOUTHWEST,70,2016,385385,2536157038,6580
MINNESOTA,MURRAY,27101,SOUTHWEST,70,2017,387499,2554695400,6592
MINNESOTA,MURRAY,27101,SOUTHWEST,70,2018,386591,2549478200,6594
MINNESOTA,MURRAY,27101,SOUTHWEST,70,2019,386312,2548278600,6596
MINNESOTA,MURRAY,27101,SOUTHWEST,70,2020,385761,2546428800,6601
MINNESOTA,MURRAY,27101,SOUTHWEST,70,2021,385319,2543628300,6601
MINNESOTA,MURRAY,27101,SOUTHWEST,70,2022,373465,2855857000,7646
MINNESOTA,MURRAY,27101,SOUTHWEST,70,2023,373068,4057697500,10876
MINNESOTA,NICOLLET,27103,SOUTH CENTRAL,80,2010,214331,962622800,4491
MINNESOTA,NICOLLET,27103,SOUTH CENTRAL,80,2011,213435,1119941800,5247
MINNESOTA,NICOLLET,27103,SOUTH CENTRAL,80,2012,213426,1386177200,6494
MINNESOTA,NICOLLET,27103,SOUTH CENTRAL,80,2013,212997,1765449100,8288
MINNESOTA,NICOLLET,27103,SOUTH CENTRAL,80,2014,211819,2035316700,9608
MINNESOTA,NICOLLET,27103,SOUTH CENTRAL,80,2015,212183,1877834400,8850
MINNESOTA,NICOLLET,27103,SOUTH CENTRAL,80,2016,211860,1876121200,8855
MINNESOTA,NICOLLET,27103,SOUTH CENTRAL,80,2017,211521,1683472300,7958
MINNESOTA,NICOLLET,27103,SOUTH CENTRAL,80,2018,212832,1686596300,7924
MINNESOTA,NICOLLET,27103,SOUTH CENTRAL,80,2019,211768,1679376400,7930
MINNESOTA,NICOLLET,27103,SOUTH CENTRAL,80,2020,211514,1401272300,6624
MINNESOTA,NICOLLET,27103,SOUTH CENTRAL,80,2021,211169,1565368100,7412
MINNESOTA,NICOLLET,27103,SOUTH CENTRAL,80,2022,210444,1924382600,9144
MINNESOTA,NICOLLET,27103,SOUTH CENTRAL,80,2023,210203,2341874300,11141
MINNESOTA,NOBLES,27105,SOUTHWEST,70,2010,399224,1583652991,3966
MINNESOTA,NOBLES,27105,SOUTHWEST,70,2011,398996,1854198201,4647
MINNESOTA,NOBLES,27105,SOUTHWEST,70,2012,398824,2343851618,5876
MINNESOTA,NOBLES,27105,SOUTHWEST,70,2013,398776,3190535813,8000
MINNESOTA,NOBLES,27105,SOUTHWEST,70,2014,398551,3507201339,8799
MINNESOTA,NOBLES,27105,SOUTHWEST,70,2015,397968,3176691731,7982
MINNESOTA,NOBLES,27105,SOUTHWEST,70,2016,397433,3014059925,7583
MINNESOTA,NOBLES,27105,SOUTHWEST,70,2017,398945,3028147052,7590
MINNESOTA,NOBLES,27105,SOUTHWEST,70,2018,398763,3016563400,7564
MINNESOTA,NOBLES,27105,SOUTHWEST,70,2019,398700,3016017188,7564
MINNESOTA,NOBLES,27105,SOUTHWEST,70,2020,398138,3010702400,7561
MINNESOTA,NOBLES,27105,SOUTHWEST,70,2021,397169,3003945343,7563
MINNESOTA,NOBLES,27105,SOUTHWEST,70,2022,396919,3224509800,8123
MINNESOTA,NOBLES,27105,SOUTHWEST,70,2023,396632,4753225400,11983
MINNESOTA,NORMAN,27107,NORTHWEST,10,2010,461540,831731922,1802
MINNESOTA,NORMAN,27107,NORTHWEST,10,2011,460169,944045210,2051
MINNESOTA,NORMAN,27107,NORTHWEST,10,2012,459952,1097671751,2386
MINNESOTA,NORMAN,27107,NORTHWEST,10,2013,459331,1288666500,2805
MINNESOTA,NORMAN,27107,NORTHWEST,10,2014,459104,1691220900,3683
MINNESOTA,NORMAN,27107,NORTHWEST,10,2015,458693,1585761300,3457
MINNESOTA,NORMAN,27107,NORTHWEST,10,2016,458533,1463722300,3192
MINNESOTA,NORMAN,27107,NORTHWEST,10,2017,458396,1451524100,3166
MINNESOTA,NORMAN,27107,NORTHWEST,10,2018,456484,1437846200,3149
MINNESOTA,NORMAN,27107,NORTHWEST,10,2019,456348,1481040500,3245
MINNESOTA,NORMAN,27107,NORTHWEST,10,2020,455395,1479240700,3248
MINNESOTA,NORMAN,27107,NORTHWEST,10,2021,455448,1483938900,3258
MINNESOTA,NORMAN,27107,NORTHWEST,10,2022,454920,1785023800,3923
MINNESOTA,NORMAN,27107,NORTHWEST,10,2023,454530,2206303700,4854
MINNESOTA,OLMSTED,27109,SOUTHEAST,90,2010,230956,958575698,4150
MINNESOTA,OLMSTED,27109,SOUTHEAST,90,2011,230831,952009815,4124
MINNESOTA,OLMSTED,27109,SOUTHEAST,90,2012,230582,1059336587,4594
MINNESOTA,OLMSTED,27109,SOUTHEAST,90,2013,230113,1381845200,6005
MINNESOTA,OLMSTED,27109,SOUTHEAST,90,2014,230052,1478764900,6427
MINNESOTA,OLMSTED,27109,SOUTHEAST,90,2015,229520,1544290300,6728
MINNESOTA,OLMSTED,27109,SOUTHEAST,90,2016,229241,1549979900,6761
MINNESOTA,OLMSTED,27109,SOUTHEAST,90,2017,228663,1488405400,6509
MINNESOTA,OLMSTED,27109,SOUTHEAST,90,2018,228825,1488110800,6503
MINNESOTA,OLMSTED,27109,SOUTHEAST,90,2019,228505,1486670500,6506
MINNESOTA,OLMSTED,27109,SOUTHEAST,90,2020,228106,1486618100,6517
MINNESOTA,OLMSTED,27109,SOUTHEAST,90,2021,227228,1482806700,6525
MINNESOTA,OLMSTED,27109,SOUTHEAST,90,2022,226964,1781846800,7850
MINNESOTA,OLMSTED,27109,SOUTHEAST,90,2023,226509,2217257000,9788
MINNESOTA,OTTER TAIL,27111,WEST CENTRAL,40,2010,533221,969834995,1818
MINNESOTA,OTTER TAIL,27111,WEST CENTRAL,40,2011,534925,972376435,1817
MINNESOTA,OTTER TAIL,27111,WEST CENTRAL,40,2012,535100,993896422,1857
MINNESOTA,OTTER TAIL,27111,WEST CENTRAL,40,2013,537356,1299245636,2417
MINNESOTA,OTTER TAIL,27111,WEST CENTRAL,40,2014,539430,1535155458,2845
MINNESOTA,OTTER TAIL,27111,WEST CENTRAL,40,2015,540358,1559813630,2886
MINNESOTA,OTTER TAIL,27111,WEST CENTRAL,40,2016,540840,1495834538,2765
MINNESOTA,OTTER TAIL,27111,WEST CENTRAL,40,2017,541674,1525994323,2817
MINNESOTA,OTTER TAIL,27111,WEST CENTRAL,40,2018,544548,1531281300,2812
MINNESOTA,OTTER TAIL,27111,WEST CENTRAL,40,2019,543713,1525268151,2805
MINNESOTA,OTTER TAIL,27111,WEST CENTRAL,40,2020,544466,1545197100,2838
MINNESOTA,OTTER TAIL,27111,WEST CENTRAL,40,2021,572220,1620005399,2831
MINNESOTA,OTTER TAIL,27111,WEST CENTRAL,40,2022,570611,2064661300,3618
MINNESOTA,OTTER TAIL,27111,WEST CENTRAL,40,2023,568857,2242409900,3941
MINNESOTA,PENNINGTON,27113,NORTHWEST,10,2010,292880,249562642,852
MINNESOTA,PENNINGTON,27113,NORTHWEST,10,2011,293611,250193255,852
MINNESOTA,PENNINGTON,27113,NORTHWEST,10,2012,294113,312961740,1064
MINNESOTA,PENNINGTON,27113,NORTHWEST,10,2013,294213,371862998,1263
MINNESOTA,PENNINGTON,27113,NORTHWEST,10,2014,294492,483710139,1642
MINNESOTA,PENNINGTON,27113,NORTHWEST,10,2015,296502,583540746,1968
MINNESOTA,PENNINGTON,27113,NORTHWEST,10,2016,296915,584289762,1967
MINNESOTA,PENNINGTON,27113,NORTHWEST,10,2017,296219,582938559,1967
MINNESOTA,PENNINGTON,27113,NORTHWEST,10,2018,296229,584446200,1972
MINNESOTA,PENNINGTON,27113,NORTHWEST,10,2019,296239,584056304,1971
MINNESOTA,PENNINGTON,27113,NORTHWEST,10,2020,296201,537286600,1813
MINNESOTA,PENNINGTON,27113,NORTHWEST,10,2021,296342,537581388,1814
MINNESOTA,PENNINGTON,27113,NORTHWEST,10,2022,295962,629410600,2126
MINNESOTA,PENNINGTON,27113,NORTHWEST,10,2023,295944,704691800,2381
MINNESOTA,PINE,27115,EAST CENTRAL,60,2010,110150,182991775,1661
MINNESOTA,PINE,27115,EAST CENTRAL,60,2011,109183,170548917,1562
MINNESOTA,PINE,27115,EAST CENTRAL,60,2012,108989,162367968,1489
MINNESOTA,PINE,27115,EAST CENTRAL,60,2013,109083,165831445,1520
MINNESOTA,PINE,27115,EAST CENTRAL,60,2014,109189,189807907,1738
MINNESOTA,PINE,27115,EAST CENTRAL,60,2015,108681,186231129,1713
MINNESOTA,PINE,27115,EAST CENTRAL,60,2016,106852,172610388,1615
MINNESOTA,PINE,27115,EAST CENTRAL,60,2017,105433,166025951,1574
MINNESOTA,PINE,27115,EAST CENTRAL,60,2018,104270,162655700,1559
MINNESOTA,PINE,27115,EAST CENTRAL,60,2019,102830,157387643,1530
MINNESOTA,PINE,27115,EAST CENTRAL,60,2020,101672,161375600,1587
MINNESOTA,PINE,27115,EAST CENTRAL,60,2021,100613,159024182,1580
MINNESOTA,PINE,27115,EAST CENTRAL,60,2022,99229,188690000,1901
MINNESOTA,PINE,27115,EAST CENTRAL,60,2023,98238,238223600,2424
MINNESOTA,PIPESTONE,27117,SOUTHWEST,70,2010,233019,813253072,3490
MINNESOTA,PIPESTONE,27117,SOUTHWEST,70,2011,232953,894532052,3839
MINNESOTA,PIPESTONE,27117,SOUTHWEST,70,2012,232741,1090877664,4687
MINNESOTA,PIPESTONE,27117,SOUTHWEST,70,2013,232808,1527808864,6562
MINNESOTA,PIPESTONE,27117,SOUTHWEST,70,2014,232870,1834248301,7876
MINNESOTA,PIPESTONE,27117,SOUTHWEST,70,2015,232823,1746260504,7500
MINNESOTA,PIPESTONE,27117,SOUTHWEST,70,2016,232680,1561511600,6710
MINNESOTA,PIPESTONE,27117,SOUTHWEST,70,2017,232554,1560826000,6711
MINNESOTA,PIPESTONE,27117,SOUTHWEST,70,2018,232375,1426792900,6140
MINNESOTA,PIPESTONE,27117,SOUTHWEST,70,2019,232565,1505500200,6473
MINNESOTA,PIPESTONE,27117,SOUTHWEST,70,2020,232571,1468952400,6316
MINNESOTA,PIPESTONE,27117,SOUTHWEST,70,2021,232443,1506300900,6480
MINNESOTA,PIPESTONE,27117,SOUTHWEST,70,2022,232251,1733562800,7464
MINNESOTA,PIPESTONE,27117,SOUTHWEST,70,2023,232035,2396725300,10329
MINNESOTA,POLK,27119,NORTHWEST,10,2010,948529,1569138000,1654
MINNESOTA,POLK,27119,NORTHWEST,10,2011,947633,1645941200,1736
MINNESOTA,POLK,27119,NORTHWEST,10,2012,947815,2018118200,2129
MINNESOTA,POLK,27119,NORTHWEST,10,2013,943682,2417533500,2561
MINNESOTA,POLK,27119,NORTHWEST,10,2014,943603,3302019600,3499
MINNESOTA,POLK,27119,NORTHWEST,10,2015,943873,3535460100,3745
MINNESOTA,POLK,27119,NORTHWEST,10,2016,944529,3369833000,3567
MINNESOTA,POLK,27119,NORTHWEST,10,2017,944584,3278021900,3470
MINNESOTA,POLK,27119,NORTHWEST,10,2018,944657,3104378800,3286
MINNESOTA,POLK,27119,NORTHWEST,10,2019,944641,3115346500,3297
MINNESOTA,POLK,27119,NORTHWEST,10,2020,944767,3185202700,3371
MINNESOTA,POLK,27119,NORTHWEST,10,2021,944659,3200776200,3388
MINNESOTA,POLK,27119,NORTHWEST,10,2022,944330,3290149600,3484
MINNESOTA,POLK,27119,NORTHWEST,10,2023,943859,3956432500,4191
MINNESOTA,POPE,27121,WEST CENTRAL,40,2010,267875,655642000,2447
MINNESOTA,POPE,27121,WEST CENTRAL,40,2011,267226,645902500,2417
MINNESOTA,POPE,27121,WEST CENTRAL,40,2012,266801,731779900,2742
MINNESOTA,POPE,27121,WEST CENTRAL,40,2013,265033,969078700,3656
MINNESOTA,POPE,27121,WEST CENTRAL,40,2014,265158,1111572300,4192
MINNESOTA,POPE,27121,WEST CENTRAL,40,2015,265003,1156464800,4363
MINNESOTA,POPE,27121,WEST CENTRAL,40,2016,264907,1157834000,4370
MINNESOTA,POPE,27121,WEST CENTRAL,40,2017,264829,1095644400,4137
MINNESOTA,POPE,27121,WEST CENTRAL,40,2018,264662,1040203500,3930
MINNESOTA,POPE,27121,WEST CENTRAL,40,2019,264089,1027498800,3890
MINNESOTA,POPE,27121,WEST CENTRAL,40,2020,261583,1095796300,4189
MINNESOTA,POPE,27121,WEST CENTRAL,40,2021,251127,1043633600,4155
MINNESOTA,POPE,27121,WEST CENTRAL,40,2022,250059,1170293600,4680
MINNESOTA,POPE,27121,WEST CENTRAL,40,2023,247612,1410196700,5695
MINNESOTA,RAMSEY,27123,EAST CENTRAL,60,2010,165,13723700,83173
MINNESOTA,RAMSEY,27123,EAST CENTRAL,60,2011,160,12283600,76772
MINNESOTA,RAMSEY,27123,EAST CENTRAL,60,2012,175,11020500,62974
MINNESOTA,RAMSEY,27123,EAST CENTRAL,60,2013,175,11015900,62948
MINNESOTA,RAMSEY,27123,EAST CENTRAL,60,2014,173,10866600,62812
MINNESOTA,RAMSEY,27123,EAST CENTRAL,60,2015,173,10623900,61409
MINNESOTA,RAMSEY,27123,EAST CENTRAL,60,2016,173,10794500,62395
MINNESOTA,RAMSEY,27123,EAST CENTRAL,60,2017,176,10802700,61378
MINNESOTA,RAMSEY,27123,EAST CENTRAL,60,2018,158,9780200,61900
MINNESOTA,RAMSEY,27123,EAST CENTRAL,60,2019,158,9780200,61900
MINNESOTA,RAMSEY,27123,EAST CENTRAL,60,2020,115,7555900,65703
MINNESOTA,RAMSEY,27123,EAST CENTRAL,60,2021,135,8709300,64513
MINNESOTA,RAMSEY,27123,EAST CENTRAL,60,2022,163,12363300,75848
MINNESOTA,RAMSEY,27123,EAST CENTRAL,60,2023,152,11821300,77771
MINNESOTA,RED LAKE,27125,NORTHWEST,10,2010,218950,194750006,889
MINNESOTA,RED LAKE,27125,NORTHWEST,10,2011,218948,198772548,907
MINNESOTA,RED LAKE,27125,NORTHWEST,10,2012,218761,222344198,1016
MINNESOTA,RED LAKE,27125,NORTHWEST,10,2013,218764,266834049,1219
MINNESOTA,RED LAKE,27125,NORTHWEST,10,2014,218748,346842296,1585
MINNESOTA,RED LAKE,27125,NORTHWEST,10,2015,218714,398754399,1823
MINNESOTA,RED LAKE,27125,NORTHWEST,10,2016,218642,414640441,1896
MINNESOTA,RED LAKE,27125,NORTHWEST,10,2017,218363,398276000,1823
MINNESOTA,RED LAKE,27125,NORTHWEST,10,2018,218153,378274700,1733
MINNESOTA,RED LAKE,27125,NORTHWEST,10,2019,212994,378333400,1776
MINNESOTA,RED LAKE,27125,NORTHWEST,10,2020,213399,417273100,1955
MINNESOTA,RED LAKE,27125,NORTHWEST,10,2021,213477,417415600,1955
MINNESOTA,RED LAKE,27125,NORTHWEST,10,2022,210888,453733500,2151
MINNESOTA,RED LAKE,27125,NORTHWEST,10,2023,210890,527819100,2502
MINNESOTA,REDWOOD,27127,SOUTHWEST,70,2010,473130,1934704300,4089
MINNESOTA,REDWOOD,27127,SOUTHWEST,70,2011,472658,2243249900,4746
MINNESOTA,REDWOOD,27127,SOUTHWEST,70,2012,472824,2763848100,5845
MINNESOTA,REDWOOD,27127,SOUTHWEST,70,2013,472096,3953973400,8375
MINNESOTA,REDWOOD,27127,SOUTHWEST,70,2014,471762,4270439800,9052
MINNESOTA,REDWOOD,27127,SOUTHWEST,70,2015,471156,3866582200,8206
MINNESOTA,REDWOOD,27127,SOUTHWEST,70,2016,471174,3416447900,7250
MINNESOTA,REDWOOD,27127,SOUTHWEST,70,2017,470748,3257501200,6919
MINNESOTA,REDWOOD,27127,SOUTHWEST,70,2018,470521,3169232600,6735
MINNESOTA,REDWOOD,27127,SOUTHWEST,70,2019,470032,3166515000,6736
MINNESOTA,REDWOOD,27127,SOUTHWEST,70,2020,468865,3137015400,6690
MINNESOTA,REDWOOD,27127,SOUTHWEST,70,2021,467514,3129628600,6694
MINNESOTA,REDWOOD,27127,SOUTHWEST,70,2022,466092,3652212600,7835
MINNESOTA,REDWOOD,27127,SOUTHWEST,70,2023,465755,5730811300,12304
MINNESOTA,RENVILLE,27129,CENTRAL,50,2010,531713,2394962900,4504
MINNESOTA,RENVILLE,27129,CENTRAL,50,2011,531189,2632407700,4955
MINNESOTA,RENVILLE,27129,CENTRAL,50,2012,530844,3280803000,6180
MINNESOTA,RENVILLE,27129,CENTRAL,50,2013,530504,4754711800,8962
MINNESOTA,RENVILLE,27129,CENTRAL,50,2014,530217,5227324100,9858
MINNESOTA,RENVILLE,27129,CENTRAL,50,2015,529746,4438205300,8377
MINNESOTA,RENVILLE,27129,CENTRAL,50,2016,529766,4217532200,7961
MINNESOTA,RENVILLE,27129,CENTRAL,50,2017,529634,3907326200,7377
MINNESOTA,RENVILLE,27129,CENTRAL,50,2018,529434,3611997900,6822
MINNESOTA,RENVILLE,27129,CENTRAL,50,2019,528780,3608202700,6823
MINNESOTA,RENVILLE,27129,CENTRAL,50,2020,528089,3512621600,6651
MINNESOTA,RENVILLE,27129,CENTRAL,50,2021,526420,3501685100,6651
MINNESOTA,RENVILLE,27129,CENTRAL,50,2022,525976,4202286800,7989
MINNESOTA,RENVILLE,27129,CENTRAL,50,2023,525511,6074735900,11559
MINNESOTA,RICE,27131,SOUTH CENTRAL,80,2010,204089,1077091100,5277
MINNESOTA,RICE,27131,SOUTH CENTRAL,80,2011,195955,926837000,4729
MINNESOTA,RICE,27131,SOUTH CENTRAL,80,2012,195379,1056182300,5405
MINNESOTA,RICE,27131,SOUTH CENTRAL,80,2013,193269,1133183600,5863
MINNESOTA,RICE,27131,SOUTH CENTRAL,80,2014,191927,1218859700,6350
MINNESOTA,RICE,27131,SOUTH CENTRAL,80,2015,191105,1214043200,6352
MINNESOTA,RICE,27131,SOUTH CENTRAL,80,2016,189975,1211086400,6374
MINNESOTA,RICE,27131,SOUTH CENTRAL,80,2017,188692,1203408200,6377
MINNESOTA,RICE,27131,SOUTH CENTRAL,80,2018,187960,1199049400,6379
MINNESOTA,RICE,27131,SOUTH CENTRAL,80,2019,187519,1286179400,6858
MINNESOTA,RICE,27131,SOUTH CENTRAL,80,2020,187204,1215043600,6490
MINNESOTA,RICE,27131,SOUTH CENTRAL,80,2021,185757,1206473900,6494
MINNESOTA,RICE,27131,SOUTH CENTRAL,80,2022,179795,1436399900,7989
MINNESOTA,RICE,27131,SOUTH CENTRAL,80,2023,179421,1775099300,9893
MINNESOTA,ROCK,27133,SOUTHWEST,70,2010,248581,1157687300,4657
MINNESOTA,ROCK,27133,SOUTHWEST,70,2011,248592,1285564500,5171
MINNESOTA,ROCK,27133,SOUTHWEST,70,2012,248620,1607076900,6463
MINNESOTA,ROCK,27133,SOUTHWEST,70,2013,248628,2261041500,9094
MINNESOTA,ROCK,27133,SOUTHWEST,70,2014,248513,2492347600,10029
MINNESOTA,ROCK,27133,SOUTHWEST,70,2015,248502,2327157700,9364
MINNESOTA,ROCK,27133,SOUTHWEST,70,2016,248436,2477378400,9971
MINNESOTA,ROCK,27133,SOUTHWEST,70,2017,248367,2256698300,9086
MINNESOTA,ROCK,27133,SOUTHWEST,70,2018,248336,2256555000,9086
MINNESOTA,ROCK,27133,SOUTHWEST,70,2019,248190,2255050300,9085
MINNESOTA,ROCK,27133,SOUTHWEST,70,2020,248169,2254996700,9086
MINNESOTA,ROCK,27133,SOUTHWEST,70,2021,248066,2072715800,8355
MINNESOTA,ROCK,27133,SOUTHWEST,70,2022,246777,2418587300,9800
MINNESOTA,ROCK,27133,SOUTHWEST,70,2023,246587,3172503100,12865
MINNESOTA,ROSEAU,27135,NORTHWEST,10,2010,505180,297738800,589
MINNESOTA,ROSEAU,27135,NORTHWEST,10,2011,504604,299161500,592
MINNESOTA,ROSEAU,27135,NORTHWEST,10,2012,504192,363427300,720
MINNESOTA,ROSEAU,27135,NORTHWEST,10,2013,500917,441585700,881
MINNESOTA,ROSEAU,27135,NORTHWEST,10,2014,500604,450676100,900
MINNESOTA,ROSEAU,27135,NORTHWEST,10,2015,500995,469765700,937
MINNESOTA,ROSEAU,27135,NORTHWEST,10,2016,499753,464499400,929
MINNESOTA,ROSEAU,27135,NORTHWEST,10,2017,499828,485339000,971
MINNESOTA,ROSEAU,27135,NORTHWEST,10,2018,499970,483473100,967
MINNESOTA,ROSEAU,27135,NORTHWEST,10,2019,499740,482479400,965
MINNESOTA,ROSEAU,27135,NORTHWEST,10,2020,499501,489335400,979
MINNESOTA,ROSEAU,27135,NORTHWEST,10,2021,499827,488796400,977
MINNESOTA,ROSEAU,27135,NORTHWEST,10,2022,498985,586110400,1174
MINNESOTA,ROSEAU,27135,NORTHWEST,10,2023,498626,723499300,1450
MINNESOTA,SCOTT,27139,CENTRAL,50,2010,85185,611761200,7181
MINNESOTA,SCOTT,27139,CENTRAL,50,2011,81333,592031900,7279
MINNESOTA,SCOTT,27139,CENTRAL,50,2012,81577,629124900,7712
MINNESOTA,SCOTT,27139,CENTRAL,50,2013,81539,661134000,8108
MINNESOTA,SCOTT,27139,CENTRAL,50,2014,81639,711803800,8718
MINNESOTA,SCOTT,27139,CENTRAL,50,2015,81529,754015200,9248
MINNESOTA,SCOTT,27139,CENTRAL,50,2016,81312,768635300,9452
MINNESOTA,SCOTT,27139,CENTRAL,50,2017,80898,774362100,9572
MINNESOTA,SCOTT,27139,CENTRAL,50,2018,80454,837157100,10405
MINNESOTA,SCOTT,27139,CENTRAL,50,2019,80561,865313900,10741
MINNESOTA,SCOTT,27139,CENTRAL,50,2020,80101,864778900,10796
MINNESOTA,SCOTT,27139,CENTRAL,50,2021,79662,864363800,10850
MINNESOTA,SCOTT,27139,CENTRAL,50,2022,77133,885013400,11473
MINNESOTA,SCOTT,27139,CENTRAL,50,2023,77625,1031394700,13286
MINNESOTA,SHERBURNE,27141,CENTRAL,50,2010,69844,316472100,4531
MINNESOTA,SHERBURNE,27141,CENTRAL,50,2011,68087,296599500,4356
MINNESOTA,SHERBURNE,27141,CENTRAL,50,2012,67807,288797600,4259
MINNESOTA,SHERBURNE,27141,CENTRAL,50,2013,68391,272506100,3984
MINNESOTA,SHERBURNE,27141,CENTRAL,50,2014,68443,272999300,3988
MINNESOTA,SHERBURNE,27141,CENTRAL,50,2015,67922,272260000,4008
MINNESOTA,SHERBURNE,27141,CENTRAL,50,2016,67851,271710300,4004
MINNESOTA,SHERBURNE,27141,CENTRAL,50,2017,67800,273089539,4027
MINNESOTA,SHERBURNE,27141,CENTRAL,50,2018,67484,272393600,4036
MINNESOTA,SHERBURNE,27141,CENTRAL,50,2019,66937,270156300,4035
MINNESOTA,SHERBURNE,27141,CENTRAL,50,2020,66089,265768900,4021
MINNESOTA,SHERBURNE,27141,CENTRAL,50,2021,65108,261956481,4023
MINNESOTA,SHERBURNE,27141,CENTRAL,50,2022,64828,379510300,5854
MINNESOTA,SHERBURNE,27141,CENTRAL,50,2023,63966,414534600,6480
MINNESOTA,SIBLEY,27143,CENTRAL,50,2010,297087,1335584636,4495
MINNESOTA,SIBLEY,27143,CENTRAL,50,2011,296885,1414246650,4763
MINNESOTA,SIBLEY,27143,CENTRAL,50,2012,296640,1686702436,5686
MINNESOTA,SIBLEY,27143,CENTRAL,50,2013,296416,2205087411,7439
MINNESOTA,SIBLEY,27143,CENTRAL,50,2014,295706,2532597155,8564
MINNESOTA,SIBLEY,27143,CENTRAL,50,2015,295294,2325422803,7874
MINNESOTA,SIBLEY,27143,CENTRAL,50,2016,295131,2217572453,7513
MINNESOTA,SIBLEY,27143,CENTRAL,50,2017,295218,1994718572,6756
MINNESOTA,SIBLEY,27143,CENTRAL,50,2018,294763,1992271600,6758
MINNESOTA,SIBLEY,27143,CENTRAL,50,2019,293962,2091204770,7113
MINNESOTA,SIBLEY,27143,CENTRAL,50,2020,293057,1947729700,6646
MINNESOTA,SIBLEY,27143,CENTRAL,50,2021,290990,1934123900,6646
MINNESOTA,SIBLEY,27143,CENTRAL,50,2022,290206,2350438300,8099
MINNESOTA,SIBLEY,27143,CENTRAL,50,2023,288755,3043020800,10538
MINNESOTA,ST. LOUIS,27137,NORTHEAST,30,2010,37124,35894089,966
MINNESOTA,ST. LOUIS,27137,NORTHEAST,30,2011,36154,35249997,974
MINNESOTA,ST. LOUIS,27137,NORTHEAST,30,2012,35955,32815400,912
MINNESOTA,ST. LOUIS,27137,NORTHEAST,30,2013,38007,34938500,919
MINNESOTA,ST. LOUIS,27137,NORTHEAST,30,2014,37311,33774900,905
MINNESOTA,ST. LOUIS,27137,NORTHEAST,30,2015,37204,33683200,905
MINNESOTA,ST. LOUIS,27137,NORTHEAST,30,2016,35852,32788500,914
MINNESOTA,ST. LOUIS,27137,NORTHEAST,30,2017,33176,29717300,895
MINNESOTA,ST. LOUIS,27137,NORTHEAST,30,2018,31590,28514500,902
MINNESOTA,ST. LOUIS,27137,NORTHEAST,30,2019,18832,17650700,937
MINNESOTA,ST. LOUIS,27137,NORTHEAST,30,2020,18419,17360300,942
MINNESOTA,ST. LOUIS,27137,NORTHEAST,30,2021,17756,18156400,1022
MINNESOTA,ST. LOUIS,27137,NORTHEAST,30,2022,17537,19579300,1116
MINNESOTA,ST. LOUIS,27137,NORTHEAST,30,2023,18200,22004100,1209
MINNESOTA,STEARNS,27145,CENTRAL,50,2010,488247,1528859500,3131
MINNESOTA,STEARNS,27145,CENTRAL,50,2011,488394,1524649600,3121
MINNESOTA,STEARNS,27145,CENTRAL,50,2012,488354,1579069300,3233
MINNESOTA,STEARNS,27145,CENTRAL,50,2013,487356,1795363000,3683
MINNESOTA,STEARNS,27145,CENTRAL,50,2014,483623,2121311000,4386
MINNESOTA,STEARNS,27145,CENTRAL,50,2015,479900,2254218500,4697
MINNESOTA,STEARNS,27145,CENTRAL,50,2016,477937,2155735400,4510
MINNESOTA,STEARNS,27145,CENTRAL,50,2017,441045,2003828300,4543
MINNESOTA,STEARNS,27145,CENTRAL,50,2018,439674,2003727400,4557
MINNESOTA,STEARNS,27145,CENTRAL,50,2019,439580,2015536100,4585
MINNESOTA,STEARNS,27145,CENTRAL,50,2020,438969,2023548500,4609
MINNESOTA,STEARNS,27145,CENTRAL,50,2021,439014,2088312300,4756
MINNESOTA,STEARNS,27145,CENTRAL,50,2022,438317,2333825800,5324
MINNESOTA,STEARNS,27145,CENTRAL,50,2023,438244,2838999700,6478
MINNESOTA,STEELE,27147,SOUTH CENTRAL,80,2010,211179,830765100,3933
MINNESOTA,STEELE,27147,SOUTH CENTRAL,80,2011,211537,879946900,4159
MINNESOTA,STEELE,27147,SOUTH CENTRAL,80,2012,210341,1056289500,5021
MINNESOTA,STEELE,27147,SOUTH CENTRAL,80,2013,206014,1309332300,6355
MINNESOTA,STEELE,27147,SOUTH CENTRAL,80,2014,205186,1538503300,7498
MINNESOTA,STEELE,27147,SOUTH CENTRAL,80,2015,204817,1421299000,6939
MINNESOTA,STEELE,27147,SOUTH CENTRAL,80,2016,204282,1394731400,6827
MINNESOTA,STEELE,27147,SOUTH CENTRAL,80,2017,204307,1287160800,6300
MINNESOTA,STEELE,27147,SOUTH CENTRAL,80,2018,204403,1258544100,6157
MINNESOTA,STEELE,27147,SOUTH CENTRAL,80,2019,203921,1256315400,6160
MINNESOTA,STEELE,27147,SOUTH CENTRAL,80,2020,204672,1265469100,6182
MINNESOTA,STEELE,27147,SOUTH CENTRAL,80,2021,204611,1302180800,6364
MINNESOTA,STEELE,27147,SOUTH CENTRAL,80,2022,205480,1466184900,7135
MINNESOTA,STEELE,27147,SOUTH CENTRAL,80,2023,206505,2171580200,10515
MINNESOTA,STEVENS,27149,WEST CENTRAL,40,2010,307895,874640200,2840
MINNESOTA,STEVENS,27149,WEST CENTRAL,40,2011,307771,940431900,3055
MINNESOTA,STEVENS,27149,WEST CENTRAL,40,2012,307960,1132716300,3678
MINNESOTA,STEVENS,27149,WEST CENTRAL,40,2013,307913,1372331500,4456
MINNESOTA,STEVENS,27149,WEST CENTRAL,40,2014,307887,1743475500,5662
MINNESOTA,STEVENS,27149,WEST CENTRAL,40,2015,307395,1864614700,6065
MINNESOTA,STEVENS,27149,WEST CENTRAL,40,2016,307369,1806206400,5876
MINNESOTA,STEVENS,27149,WEST CENTRAL,40,2017,307233,1781148400,5797
MINNESOTA,STEVENS,27149,WEST CENTRAL,40,2018,307200,1759572400,5727
MINNESOTA,STEVENS,27149,WEST CENTRAL,40,2019,292390,1752151600,5992
MINNESOTA,STEVENS,27149,WEST CENTRAL,40,2020,292213,1610471900,5511
MINNESOTA,STEVENS,27149,WEST CENTRAL,40,2021,292227,1610510700,5511
MINNESOTA,STEVENS,27149,WEST CENTRAL,40,2022,292200,1610370400,5511
MINNESOTA,STEVENS,27149,WEST CENTRAL,40,2023,292069,1851124400,6337
MINNESOTA,SWIFT,27151,WEST CENTRAL,40,2010,389686,1177255700,3021
MINNESOTA,SWIFT,27151,WEST CENTRAL,40,2011,389530,1299208700,3335
MINNESOTA,SWIFT,27151,WEST CENTRAL,40,2012,389558,1509936400,3876
MINNESOTA,SWIFT,27151,WEST CENTRAL,40,2013,389035,2008102100,5161
MINNESOTA,SWIFT,27151,WEST CENTRAL,40,2014,388857,2332552700,5998
MINNESOTA,SWIFT,27151,WEST CENTRAL,40,2015,388819,2371292900,6098
MINNESOTA,SWIFT,27151,WEST CENTRAL,40,2016,388349,2170111100,5588
MINNESOTA,SWIFT,27151,WEST CENTRAL,40,2017,377402,2175700400,5764
MINNESOTA,SWIFT,27151,WEST CENTRAL,40,2018,377412,2175686000,5764
MINNESOTA,SWIFT,27151,WEST CENTRAL,40,2019,377417,2082154200,5516
MINNESOTA,SWIFT,27151,WEST CENTRAL,40,2020,376922,2080122000,5518
MINNESOTA,SWIFT,27151,WEST CENTRAL,40,2021,376710,1976841500,5247
MINNESOTA,SWIFT,27151,WEST CENTRAL,40,2022,376328,2376496100,6314
MINNESOTA,SWIFT,27151,WEST CENTRAL,40,2023,375341,2772774900,7387
MINNESOTA,TODD,27153,CENTRAL,50,2010,245726,392487382,1597
MINNESOTA,TODD,27153,CENTRAL,50,2011,246992,375777030,1521
MINNESOTA,TODD,27153,CENTRAL,50,2012,247017,378919919,1533
MINNESOTA,TODD,27153,CENTRAL,50,2013,246133,423261236,1719
MINNESOTA,TODD,27153,CENTRAL,50,2014,244910,503192909,2054
MINNESOTA,TODD,27153,CENTRAL,50,2015,243740,483445918,1983
MINNESOTA,TODD,27153,CENTRAL,50,2016,242373,492472995,2031
MINNESOTA,TODD,27153,CENTRAL,50,2017,241249,485432300,2012
MINNESOTA,TODD,27153,CENTRAL,50,2018,240702,486376400,2020
MINNESOTA,TODD,27153,CENTRAL,50,2019,240185,555791400,2314
MINNESOTA,TODD,27153,CENTRAL,50,2020,238142,565981200,2376
MINNESOTA,TODD,27153,CENTRAL,50,2021,237480,570863600,2403
MINNESOTA,TODD,27153,CENTRAL,50,2022,236762,683450300,2886
MINNESOTA,TODD,27153,CENTRAL,50,2023,235994,864520400,3663
MINNESOTA,TRAVERSE,27155,WEST CENTRAL,40,2010,333590,998055011,2991
MINNESOTA,TRAVERSE,27155,WEST CENTRAL,40,2011,333643,998534348,2992
MINNESOTA,TRAVERSE,27155,WEST CENTRAL,40,2012,333658,1202151444,3602
MINNESOTA,TRAVERSE,27155,WEST CENTRAL,40,2013,333618,1445376640,4332
MINNESOTA,TRAVERSE,27155,WEST CENTRAL,40,2014,333753,1924097844,5765
MINNESOTA,TRAVERSE,27155,WEST CENTRAL,40,2015,333427,2208101580,6622
MINNESOTA,TRAVERSE,27155,WEST CENTRAL,40,2016,333329,1721137600,5163
MINNESOTA,TRAVERSE,27155,WEST CENTRAL,40,2017,332809,1718672500,5164
MINNESOTA,TRAVERSE,27155,WEST CENTRAL,40,2018,332792,1718654500,5164
MINNESOTA,TRAVERSE,27155,WEST CENTRAL,40,2019,332648,1787938800,5374
MINNESOTA,TRAVERSE,27155,WEST CENTRAL,40,2020,331753,1779143600,5362
MINNESOTA,TRAVERSE,27155,WEST CENTRAL,40,2021,329425,1610356300,4888
MINNESOTA,TRAVERSE,27155,WEST CENTRAL,40,2022,329228,1778712300,5402
MINNESOTA,TRAVERSE,27155,WEST CENTRAL,40,2023,329067,2038359500,6194
MINNESOTA,WABASHA,27157,SOUTHEAST,90,2010,215586,724796783,3361
MINNESOTA,WABASHA,27157,SOUTHEAST,90,2011,213655,759681380,3555
MINNESOTA,WABASHA,27157,SOUTHEAST,90,2012,212731,883019628,4150
MINNESOTA,WABASHA,27157,SOUTHEAST,90,2013,211207,1056854548,5003
MINNESOTA,WABASHA,27157,SOUTHEAST,90,2014,209167,1150468265,5500
MINNESOTA,WABASHA,27157,SOUTHEAST,90,2015,207956,1145148807,5506
MINNESOTA,WABASHA,27157,SOUTHEAST,90,2016,206894,1141510325,5517
MINNESOTA,WABASHA,27157,SOUTHEAST,90,2017,202236,1122308205,5549
MINNESOTA,WABASHA,27157,SOUTHEAST,90,2018,198893,1146976100,5766
MINNESOTA,WABASHA,27157,SOUTHEAST,90,2019,194515,1139263884,5856
MINNESOTA,WABASHA,27157,SOUTHEAST,90,2020,190950,1137515600,5957
MINNESOTA,WABASHA,27157,SOUTHEAST,90,2021,186708,1085133929,5811
MINNESOTA,WABASHA,27157,SOUTHEAST,90,2022,186331,1243469800,6673
MINNESOTA,WABASHA,27157,SOUTHEAST,90,2023,185896,1554609500,8362
MINNESOTA,WADENA,27159,CENTRAL,50,2010,94535,133101761,1407
MINNESOTA,WADENA,27159,CENTRAL,50,2011,89021,132080628,1483
MINNESOTA,WADENA,27159,CENTRAL,50,2012,85434,136352455,1595
MINNESOTA,WADENA,27159,CENTRAL,50,2013,84965,135700252,1597
MINNESOTA,WADENA,27159,CENTRAL,50,2014,85999,163674013,1903
MINNESOTA,WADENA,27159,CENTRAL,50,2015,85538,154618249,1807
MINNESOTA,WADENA,27159,CENTRAL,50,2016,84729,149780285,1767
MINNESOTA,WADENA,27159,CENTRAL,50,2017,84241,166753800,1979
MINNESOTA,WADENA,27159,CENTRAL,50,2018,84265,167057900,1982
MINNESOTA,WADENA,27159,CENTRAL,50,2019,85028,168403100,1980
MINNESOTA,WADENA,27159,CENTRAL,50,2020,85377,169265100,1982
MINNESOTA,WADENA,27159,CENTRAL,50,2021,85380,170034000,1991
MINNESOTA,WADENA,27159,CENTRAL,50,2022,84648,204405300,2414
MINNESOTA,WADENA,27159,CENTRAL,50,2023,84815,215545400,2541
MINNESOTA,WASECA,27161,SOUTH CENTRAL,80,2010,234938,1022227691,4351
MINNESOTA,WASECA,27161,SOUTH CENTRAL,80,2011,235412,1076374111,4572
MINNESOTA,WASECA,27161,SOUTH CENTRAL,80,2012,235254,1218215679,5178
MINNESOTA,WASECA,27161,SOUTH CENTRAL,80,2013,232995,1604662601,6887
MINNESOTA,WASECA,27161,SOUTH CENTRAL,80,2014,232388,1919807691,8261
MINNESOTA,WASECA,27161,SOUTH CENTRAL,80,2015,229257,1634269750,7128
MINNESOTA,WASECA,27161,SOUTH CENTRAL,80,2016,226802,1633985011,7204
MINNESOTA,WASECA,27161,SOUTH CENTRAL,80,2017,225722,1571186958,6960
MINNESOTA,WASECA,27161,SOUTH CENTRAL,80,2018,224988,1604187200,7130
MINNESOTA,WASECA,27161,SOUTH CENTRAL,80,2019,223604,1595316717,7134
MINNESOTA,WASECA,27161,SOUTH CENTRAL,80,2020,222623,1517234200,6815
MINNESOTA,WASECA,27161,SOUTH CENTRAL,80,2021,221282,1508270923,6816
MINNESOTA,WASECA,27161,SOUTH CENTRAL,80,2022,218876,1563545900,7143
MINNESOTA,WASECA,27161,SOUTH CENTRAL,80,2023,218275,2367417400,10846
MINNESOTA,WASHINGTON,27163,EAST CENTRAL,60,2010,53992,734484000,13603
MINNESOTA,WASHINGTON,27163,EAST CENTRAL,60,2011,53930,660991100,12256
MINNESOTA,WASHINGTON,27163,EAST CENTRAL,60,2012,53786,631231700,11735
MINNESOTA,WASHINGTON,27163,EAST CENTRAL,60,2013,53668,634369200,11820
MINNESOTA,WASHINGTON,27163,EAST CENTRAL,60,2014,53424,737144400,13798
MINNESOTA,WASHINGTON,27163,EAST CENTRAL,60,2015,53547,742560800,13867
MINNESOTA,WASHINGTON,27163,EAST CENTRAL,60,2016,52593,717455200,13641
MINNESOTA,WASHINGTON,27163,EAST CENTRAL,60,2017,52257,742579300,14210
MINNESOTA,WASHINGTON,27163,EAST CENTRAL,60,2018,51376,730064500,14210
MINNESOTA,WASHINGTON,27163,EAST CENTRAL,60,2019,50382,703563200,13964
MINNESOTA,WASHINGTON,27163,EAST CENTRAL,60,2020,49753,711374800,14298
MINNESOTA,WASHINGTON,27163,EAST CENTRAL,60,2021,49244,668539100,13576
MINNESOTA,WASHINGTON,27163,EAST CENTRAL,60,2022,48367,762948300,15774
MINNESOTA,WASHINGTON,27163,EAST CENTRAL,60,2023,47502,786360000,16554
MINNESOTA,WATONWAN,27165,SOUTH CENTRAL,80,2010,242934,1006462876,4142
MINNESOTA,WATONWAN,27165,SOUTH CENTRAL,80,2011,242707,1057235786,4356
MINNESOTA,WATONWAN,27165,SOUTH CENTRAL,80,2012,242500,1320403263,5444
MINNESOTA,WATONWAN,27165,SOUTH CENTRAL,80,2013,242308,1923486885,7938
MINNESOTA,WATONWAN,27165,SOUTH CENTRAL,80,2014,242263,1924374078,7943
MINNESOTA,WATONWAN,27165,SOUTH CENTRAL,80,2015,242198,1923817228,7943
MINNESOTA,WATONWAN,27165,SOUTH CENTRAL,80,2016,242098,1742239807,7196
MINNESOTA,WATONWAN,27165,SOUTH CENTRAL,80,2017,241805,1589141523,6571
MINNESOTA,WATONWAN,27165,SOUTH CENTRAL,80,2018,241708,1565794500,6478
MINNESOTA,WATONWAN,27165,SOUTH CENTRAL,80,2019,241560,1713438255,7093
MINNESOTA,WATONWAN,27165,SOUTH CENTRAL,80,2020,241211,1699277500,7044
MINNESOTA,WATONWAN,27165,SOUTH CENTRAL,80,2021,241038,1600348637,6639
MINNESOTA,WATONWAN,27165,SOUTH CENTRAL,80,2022,240225,1833253600,7631
MINNESOTA,WATONWAN,27165,SOUTH CENTRAL,80,2023,239845,2566009400,10698
MINNESOTA,WILKIN,27167,WEST CENTRAL,40,2010,426867,1140941609,2672
MINNESOTA,WILKIN,27167,WEST CENTRAL,40,2011,426415,1168900073,2741
MINNESOTA,WILKIN,27167,WEST CENTRAL,40,2012,426199,1252007385,2937
MINNESOTA,WILKIN,27167,WEST CENTRAL,40,2013,426596,1660281247,3891
MINNESOTA,WILKIN,27167,WEST CENTRAL,40,2014,426427,2186708659,5127
MINNESOTA,WILKIN,27167,WEST CENTRAL,40,2015,425025,2149614300,5057
MINNESOTA,WILKIN,27167,WEST CENTRAL,40,2016,422636,1710194459,4046
MINNESOTA,WILKIN,27167,WEST CENTRAL,40,2017,420374,1700859100,4046
MINNESOTA,WILKIN,27167,WEST CENTRAL,40,2018,421181,1703793700,4045
MINNESOTA,WILKIN,27167,WEST CENTRAL,40,2019,421169,1676959700,3981
MINNESOTA,WILKIN,27167,WEST CENTRAL,40,2020,420614,1677232800,3987
MINNESOTA,WILKIN,27167,WEST CENTRAL,40,2021,409374,1598792500,3905
MINNESOTA,WILKIN,27167,WEST CENTRAL,40,2022,409695,1735430400,4235
MINNESOTA,WILKIN,27167,WEST CENTRAL,40,2023,409335,2448308500,5981
MINNESOTA,WINONA,27169,SOUTHEAST,90,2010,170595,589023884,3452
MINNESOTA,WINONA,27169,SOUTHEAST,90,2011,172302,621040155,3604
MINNESOTA,WINONA,27169,SOUTHEAST,90,2012,172609,688658883,3989
MINNESOTA,WINONA,27169,SOUTHEAST,90,2013,173771,992132383,5709
MINNESOTA,WINONA,27169,SOUTHEAST,90,2014,174223,1146002367,6577
MINNESOTA,WINONA,27169,SOUTHEAST,90,2015,174130,1145654142,6579
MINNESOTA,WINONA,27169,SOUTHEAST,90,2016,174108,1088915518,6254
MINNESOTA,WINONA,27169,SOUTHEAST,90,2017,174112,1087712562,6247
MINNESOTA,WINONA,27169,SOUTHEAST,90,2018,174255,1087577700,6241
MINNESOTA,WINONA,27169,SOUTHEAST,90,2019,174305,1140281667,6541
MINNESOTA,WINONA,27169,SOUTHEAST,90,2020,174546,1083113600,6205
MINNESOTA,WINONA,27169,SOUTHEAST,90,2021,174582,1084953080,6214
MINNESOTA,WINONA,27169,SOUTHEAST,90,2022,174580,1196974100,6856
MINNESOTA,WINONA,27169,SOUTHEAST,90,2023,174539,1317681600,7549
MINNESOTA,WRIGHT,27171,CENTRAL,50,2010,201552,1154472898,5727
MINNESOTA,WRIGHT,27171,CENTRAL,50,2011,199747,1026852062,5140
MINNESOTA,WRIGHT,27171,CENTRAL,50,2012,199392,1037688937,5204
MINNESOTA,WRIGHT,27171,CENTRAL,50,2013,198421,1127255675,5681
MINNESOTA,WRIGHT,27171,CENTRAL,50,2014,198409,1270694614,6404
MINNESOTA,WRIGHT,27171,CENTRAL,50,2015,197326,1261534926,6393
MINNESOTA,WRIGHT,27171,CENTRAL,50,2016,196431,1251666119,6372
MINNESOTA,WRIGHT,27171,CENTRAL,50,2017,194315,1241180922,6387
MINNESOTA,WRIGHT,27171,CENTRAL,50,2018,193014,1272242100,6591
MINNESOTA,WRIGHT,27171,CENTRAL,50,2019,191541,1273623253,6649
MINNESOTA,WRIGHT,27171,CENTRAL,50,2020,189990,1281069300,6742
MINNESOTA,WRIGHT,27171,CENTRAL,50,2021,187694,1320098034,7033
MINNESOTA,WRIGHT,27171,CENTRAL,50,2022,185886,1448161600,7790
MINNESOTA,WRIGHT,27171,CENTRAL,50,2023,184601,1842806200,9982
MINNESOTA,YELLOW MEDICINE,27173,WEST CENTRAL,40,2010,394274,1434766500,3639
MINNESOTA,YELLOW MEDICINE,27173,WEST CENTRAL,40,2011,394247,1562272800,3962
MINNESOTA,YELLOW MEDICINE,27173,WEST CENTRAL,40,2012,394258,1917554900,4863
MINNESOTA,YELLOW MEDICINE,27173,WEST CENTRAL,40,2013,394304,2612206000,6624
MINNESOTA,YELLOW MEDICINE,27173,WEST CENTRAL,40,2014,394394,2890919200,7330
MINNESOTA,YELLOW MEDICINE,27173,WEST CENTRAL,40,2015,393782,2600676600,6604
MINNESOTA,YELLOW MEDICINE,27173,WEST CENTRAL,40,2016,393618,2448312700,6220
MINNESOTA,YELLOW MEDICINE,27173,WEST CENTRAL,40,2017,393468,2291681500,5824
MINNESOTA,YELLOW MEDICINE,27173,WEST CENTRAL,40,2018,392288,2244458100,5721
MINNESOTA,YELLOW MEDICINE,27173,WEST CENTRAL,40,2019,391040,2246060000,5743
MINNESOTA,YELLOW MEDICINE,27173,WEST CENTRAL,40,2020,390981,2245705400,5743
MINNESOTA,YELLOW MEDICINE,27173,WEST CENTRAL,40,2021,390193,2241432700,5744
MINNESOTA,YELLOW MEDICINE,27173,WEST CENTRAL,40,2022,389905,2517271200,6456
MINNESOTA,YELLOW MEDICINE,27173,WEST CENTRAL,40,2023,389939,3808665100,9767
